trail_running;13.10.2019 17:24;10.16;800;00:51:11;--;--;--;157;166;05:02;04:15;12;17;1.27;0;0;--;25
trail_running;03.10.2019 17:31;10.02;742;00:52:19;156;176;4.5;154;240;05:13;03:35;151;155;1.2;8.9;10.8;277;18
trail_running;20.09.2019 07:28;12.79;886;01:06:44;151;167;3.9;157;183;05:13;04:01;108;124;1.19;8.3;10;280;18
trail_running;19.09.2019 16:07;12.63;793;01:07:36;153;185;3.6;152;169;05:21;04:05;117;111;1.22;8.1;10;282;24
trail_running;11.09.2019 17:11;10.04;773;00:53:34;--;--;--;151;242;05:20;03:19;199;203;1.24;0;0;--;25
trail_running;03.09.2019 16:56;9.95;765;00:53:11;--;--;--;155;175;05:21;03:53;153;154;1.21;0;0;--;27
trail_running;27.08.2019 18:38;3.25;227;00:16:35;157;175;3;156;172;05:06;03:32;5;5;1.2;8.5;10.2;269;30
trail_running;27.08.2019 18:09;5.41;304;00:28:57;146;169;3.1;151;170;05:21;03:41;9;11;1.19;8.4;10.1;273;30
trail_running;19.08.2019 17:18;12.47;917;01:12:09;151;178;3.6;152;256;05:47;03:55;230;240;1.1;8.9;9.8;299;27
trail_running;11.08.2019 17:14;12.27;943;01:19:01;147;175;3.5;143;256;06:26;03:54;229;213;1.05;9.8;10.3;297;29
trail_running;04.08.2019 12:01;10.29;725;00:57:04;146;173;3.7;153;224;05:33;04:02;37;57;1.14;9.1;10.3;286;29
trail_running;23.07.2019 18:37;8.35;602;00:43:21;154;168;3.6;157;219;05:12;04:13;13;16;1.18;9.1;10.9;274;30
trail_running;19.07.2019 17:04;9.87;705;00:53:33;149;165;3.7;156;256;05:26;04:06;146;149;1.14;9.3;10.6;277;28
trail_running;14.07.2019 16:54;14.45;1.011;01:18:18;151;171;3.7;156;244;05:25;03:47;226;235;1.16;8.9;10.5;276;26
trail_running;07.07.2019 17:19;8.68;565;00:41:56;149;166;3.6;162;173;04:50;03:53;9;18;1.26;8.2;10.4;268;25
trail_running;04.07.2019 17:36;9.91;674;00:52:12;147;175;3.6;156;235;05:16;03:40;154;148;1.17;8.8;10.3;278;29
trail_running;29.06.2019 08:46;10.05;664;00:56:06;141;159;3;157;237;05:35;03:36;148;149;1.11;9.1;10.2;283;26
trail_running;25.06.2019 18:01;3.29;227;00:21:14;143;166;2.3;151;194;06:27;03:23;472;52;0.99;9.8;9.5;302;30
trail_running;23.06.2019 08:36;14.27;886;01:19:52;141;165;2.9;156;253;05:36;04:00;225;234;1.11;9.6;10.6;282;23
trail_running;19.06.2019 16:17;12.63;848;01:15:40;141;159;3.3;147;256;06:00;04:13;118;103;1.09;8.8;9.8;284;31
trail_running;19.06.2019 06:24;12.67;796;01:09:31;141;162;3;153;228;05:29;04:05;104;112;1.18;8.4;10;286;24
trail_running;16.06.2019 18:20;10.23;673;00:50:21;147;165;3.6;159;165;04:55;04:10;12;18;1.26;8.3;10.7;273;26
trail_running;13.06.2019 07:20;8.31;528;00:40:10;149;167;3.3;163;187;04:50;03:31;6;16;1.23;8.4;10.5;268;21
trail_running;11.06.2019 16:57;10.31;778;00:59:18;149;170;3.6;154;249;05:45;03:40;186;182;1.09;9.5;10.4;289;28
trail_running;09.06.2019 10:19;17.31;1.238;01:34:53;153;170;3.8;156;256;05:29;04:04;192;187;1.15;8.8;10.3;284;26
trail_running;04.06.2019 17:30;8.34;585;00:44:23;150;167;3.5;154;164;05:19;04:23;10;12;1.17;8.5;10.1;278;30
trail_running;02.06.2019 08:30;21.48;1.556;01:48:29;162;179;4.7;160;196;05:03;04:01;51;50;1.21;8.5;10.5;270;27
trail_running;25.05.2019 16:27;20.72;1.443;01:51:12;152;168;3.6;159;252;05:22;03:38;284;285;1.14;9;10.4;280;26
trail_running;22.05.2019 17:01;11.78;792;01:02:37;148;170;3.4;157;228;05:19;03:58;201;212;1.16;8.5;10;270;19
trail_running;19.05.2019 17:10;14.23;997;01:14:22;155;173;3.8;158;200;05:14;03:42;141;153;1.17;8.7;10.3;277;26
trail_running;17.05.2019 17:12;12.21;790;00:58:07;157;172;4.1;162;187;04:46;03:55;21;18;1.27;7.9;10.2;267;27
trail_running;13.05.2019 17:42;7.94;609;00:41:17;--;--;--;158;214;05:12;04:05;121;126;1.22;0;0;--;21
trail_running;12.05.2019 10:59;21.47;1.35;01:44:18;154;164;3.7;162;172;04:51;03:57;17;34;1.24;8;10.1;262;19
trail_running;08.05.2019 16:49;12.77;883;01:05:53;152;168;3.7;156;219;05:10;03:35;115;103;1.2;8.3;10.1;273;22
trail_running;08.05.2019 06:55;12.87;819;01:03:21;153;169;3.9;158;187;04:55;03:31;108;113;1.27;7.7;10;266;19
trail_running;05.05.2019 10:11;19.51;1.235;01:37:53;152;166;3.7;160;256;05:01;03:58;214;217;1.19;8.4;10.2;268;18
trail_running;30.04.2019 18:05;10.05;604;00:45:58;162;183;4.1;163;256;04:34;03:54;14;21;1.33;7.6;10.3;262;21
trail_running;28.04.2019 10:26;19.28;1.297;01:38:13;151;170;4;159;256;05:06;03:31;207;215;1.2;8.5;10.4;272;18
trail_running;26.04.2019 06:44;12.88;832;01:03:28;149;168;3.7;159;256;04:56;03:57;104;115;1.26;7.9;10.2;268;19
trail_running;21.04.2019 10:36;9.9;686;00:52:00;149;164;3.4;158;228;05:15;03:50;156;154;1.17;8.7;10.3;275;23
trail_running;17.04.2019 17:37;10.19;680;00:47:28;159;176;4.1;161;240;04:40;03:43;11;23;1.3;8;10.6;265;25
trail_running;14.04.2019 11:52;10.67;757;00:58:57;151;175;3.1;155;256;05:31;03:10;253;254;1.13;9.2;10.2;280;18
trail_running;10.04.2019 17:31;9.26;625;00:47:30;147;168;3.5;158;256;05:08;04:16;25;32;1.19;8.8;10.5;273;22
trail_running;07.04.2019 12:14;20.92;1.643;01:48:08;170;182;5;157;210;05:10;04:17;158;170;1.2;8.5;10.5;278;23
trail_running;31.03.2019 18:09;10.16;667;00:47:50;155;172;4;163;234;04:43;03:50;15;18;1.28;7.9;10.3;272;24
trail_running;28.03.2019 16:24;18.26;1.249;01:37:10;152;167;4.2;155;221;05:19;03:57;174;179;1.18;8.5;10.1;275;21
trail_running;24.03.2019 17:20;15.52;1.222;01:26:08;159;182;5;154;256;05:33;03:50;298;310;1.11;9;10.1;277;19
trail_running;21.03.2019 17:31;11.78;934;01:07:35;156;176;4.3;156;256;05:44;03:26;332;342;1.08;9.4;10.1;287;21
trail_running;18.03.2019 17:02;18.14;1.227;01:26:41;156;173;4.7;161;170;04:47;04:08;13;31;1.27;7.9;10.3;265;20
trail_running;07.03.2019 16:42;7.15;502;00:41:06;143;168;3.3;147;256;05:45;03:47;132;154;1.15;8.7;9.9;275;19
trail_running;05.03.2019 16:18;12.73;816;01:01:35;152;166;3.8;159;235;04:50;03:58;115;119;1.29;7.5;9.9;268;19
trail_running;05.03.2019 06:45;12.94;810;01:05:04;147;165;3.5;155;197;05:02;03:46;115;131;1.27;7.8;10;271;17
trail_running;27.02.2019 17:31;8.2;531;00:38:29;157;174;4;161;174;04:42;03:32;8;11;1.31;7.7;10.2;262;20
trail_running;25.02.2019 17:29;9.92;670;00:51:34;152;174;4;156;256;05:12;03:59;150;159;1.2;8.3;10;276;18
trail_running;23.02.2019 17:08;8.69;505;00:44:48;148;181;3.1;157;216;05:09;04:10;20;31;1.2;7.9;9.7;281;19
trail_running;17.02.2019 17:07;10.14;672;00:45:32;161;176;4.7;164;173;04:29;03:41;13;22;1.35;7.4;10.2;262;18
trail_running;14.02.2019 17:05;9.92;664;00:51:40;150;169;3.8;155;256;05:12;03:26;150;165;1.21;8.3;10.2;272;17
trail_running;06.02.2019 16:56;10.15;558;00:51:35;144;166;3;159;193;05:05;04:05;17;30;1.23;8.1;10.2;276;13
trail_running;02.02.2019 15:49;12.64;947;01:10:24;154;173;4.2;155;246;05:34;03:55;272;292;1.13;9;10.2;282;23
trail_running;29.01.2019 17:12;10.26;603;00:52:31;143;162;3.1;157;197;05:07;02:51;21;33;1.23;8.3;10.3;273;14
trail_running;24.01.2019 17:55;10.02;648;00:52:37;150;169;3.9;155;256;05:15;03:49;146;160;1.22;7.9;9.8;271;18
trail_running;21.01.2019 17:18;5.29;404;00:25:02;--;--;--;161;171;04:44;03:50;6;11;1.31;0;0;--;13
trail_running;21.01.2019 16:53;5.22;400;00:24:36;--;--;--;163;175;04:43;03:51;3;15;1.3;0;0;--;20
trail_running;15.01.2019 17:34;9.86;680;00:51:55;151;175;4;156;246;05:16;03:54;155;167;1.19;8.5;10.2;272;20
trail_running;13.01.2019 11:01;10.15;754;01:04:18;155;181;3.7;153;256;06:20;04:04;457;462;1;9.8;9.5;297;19
trail_running;09.01.2019 16:49;7.6;603;00:38:39;--;--;--;155;169;05:05;03:55;30;39;1.27;0;0;--;17
trail_running;31.12.2018 09:32;9.81;734;01:09:04;--;--;--;137;213;07:02;04:25;383;391;1.03;0;0;--;13
trail_running;28.12.2018 11:17;12.34;959;01:21:32;--;--;--;144;174;06:37;04:00;82;100;1.05;0;0;--;19
trail_running;27.12.2018 11:08;16.86;1.072;01:25:48;153;179;4.1;159;220;05:05;03:34;407;410;1.22;8.1;10.1;275;20
trail_running;26.12.2018 11:50;7.71;610;00:50:35;--;--;--;152;166;06:34;05:11;50;69;1;0;0;--;22
trail_running;25.12.2018 17:13;12.79;1.005;01:10:53;--;--;--;156;206;05:32;04:28;110;113;1.15;0;0;--;19
trail_running;23.12.2018 10:40;16.17;1.183;01:31:49;157;178;3.8;156;256;05:41;03:23;297;297;1.09;10.1;10.1;281;17
trail_running;19.12.2018 17:52;9.95;678;00:52:01;148;166;3.5;155;256;05:14;03:37;154;153;1.24;8.3;10.2;265;19
trail_running;15.12.2018 16:18;10.8;667;00:58:23;144;165;3;154;233;05:24;03:12;535;217;1.18;8.8;10.4;279;15
trail_running;11.12.2018 17:48;10.02;656;00:50:09;148;168;3.5;157;256;05:00;03:38;147;163;1.25;8.3;10.3;266;16
trail_running;09.12.2018 10:14;11.83;674;00:57:59;146;159;3.2;161;168;04:54;03:43;18;28;1.26;7.9;10.1;267;16
trail_running;06.12.2018 18:23;9.92;695;00:50:50;151;170;3.7;157;256;05:08;03:39;144;157;1.22;8.5;10.4;267;18
trail_running;04.12.2018 17:44;10.02;662;00:42:42;167;178;4.9;166;172;04:16;03:40;17;21;1.39;7.2;10.4;248;14
trail_running;29.11.2018 17:52;5.03;311;00:22:41;156;170;3.3;164;177;04:31;03:31;4;5;1.33;7.5;10.1;252;13
trail_running;29.11.2018 17:26;5.21;220;00:25:18;148;183;2.7;161;256;04:51;03:35;2;15;1.27;7.8;10.1;258;18
trail_running;27.11.2018 17:23;8.94;622;00:59:59;144;173;2.9;150;240;06:42;03:19;397;408;0.96;11.4;10;289;12
trail_running;25.11.2018 11:01;7.09;438;00:33:29;154;176;3.5;162;187;04:43;03:41;190;21;1.29;7.7;10.1;265;15
trail_running;23.11.2018 17:16;10.17;565;00:49:24;148;172;3.6;161;174;04:51;03:38;18;20;1.26;7.6;9.8;267;21
trail_running;20.11.2018 17:42;9.98;610;00:52:02;149;171;3.8;153;256;05:13;03:41;143;155;1.23;7.9;9.9;267;19
trail_running;17.11.2018 17:14;10.11;622;00:46:40;152;167;3.7;165;180;04:37;03:34;15;33;1.3;7.6;10.1;260;15
trail_running;13.11.2018 17:39;9.94;648;00:50:57;147;165;3.6;157;208;05:08;03:39;147;153;1.22;8.4;10.2;274;19
trail_running;08.11.2018 18:23;8.01;450;00:36:17;150;178;3.7;164;182;04:32;03:48;10;18;1.33;7.8;10.5;264;20
trail_running;05.11.2018 18:05;8.94;646;00:57:07;141;174;3.4;151;218;06:23;04:00;408;416;1;10.2;10;297;20
trail_running;01.11.2018 16:52;17.21;1.109;01:22:51;153;166;4.5;161;202;04:49;03:50;5;18;1.27;8;10.4;275;17
trail_running;29.10.2018 17:26;10.16;660;00:52:21;146;173;3.9;157;243;05:09;03:49;144;147;1.22;8.3;10.1;274;14
trail_running;25.10.2018 18:57;8.08;567;00:52:34;139;174;2.8;151;256;06:30;03:31;241;246;0.99;10.4;9.9;296;18
trail_running;23.10.2018 17:31;10.01;597;00:49:29;155;177;4.1;159;256;04:57;03:00;146;148;1.25;8.1;10.2;260;16
trail_running;17.10.2018 18:03;8.92;624;00:58:17;140;178;3;149;234;06:32;04:12;281;285;1;10.9;10.5;296;21
trail_running;14.10.2018 17:25;9.84;653;00:52:29;145;170;3.4;156;253;05:20;03:23;139;138;1.19;9;10.7;285;25
trail_running;08.10.2018 18:19;7.59;443;00:38:32;138;164;3;158;226;05:05;03:48;5;7;1.23;8.6;10.6;283;20
trail_running;05.10.2018 17:12;12.43;855;01:06:34;149;172;3.6;153;167;05:21;03:44;109;102;1.2;8.6;10.5;279;24
trail_running;05.10.2018 07:07;12.95;835;01:06:25;148;174;3.7;157;256;05:08;03:16;107;113;1.23;8.3;10.3;267;14
trail_running;02.10.2018 18:19;5.63;330;00:27:55;147;167;3.1;155;175;04:58;03:38;12;8;1.27;8.7;10.9;269;18
trail_running;26.09.2018 14:02;22.4;1.409;02:12:08;146;167;3.2;153;256;05:54;03:57;443;424;1.08;9;9.7;292;21
trail_running;23.09.2018 16:21;15.16;1.043;01:22:00;148;169;3.9;157;248;05:24;04:25;156;131;1.14;9.3;10.6;290;24
trail_running;20.09.2018 17:43;10.2;650;01:02:10;139;179;3;141;233;06:06;02:56;133;132;1.12;8.6;9.5;289;26
trail_running;17.09.2018 18:33;9.39;728;00:49:51;--;--;--;152;238;05:18;03:33;129;136;1.23;0;0;--;25
trail_running;12.09.2018 18:13;7.59;502;00:38:21;146;170;3.4;159;256;05:03;03:57;11;9;1.23;8.5;10.6;275;28
trail_running;06.09.2018 16:49;12.43;883;01:03:57;153;172;4.1;158;233;05:09;03:49;116;103;1.21;8.6;10.5;277;27
trail_running;06.09.2018 06:43;13.07;856;01:08:43;146;163;3.6;153;173;05:16;04:06;103;167;1.22;8.4;10.4;279;18
trail_running;03.09.2018 17:42;9.74;667;00:58:52;142;172;3.1;151;240;06:03;03:59;279;280;1.08;9.9;10.4;286;24
trail_running;28.08.2018 18:41;10.1;686;00:47:24;160;178;4.7;160;168;04:42;04:00;9;14;1.31;8.2;10.9;266;27
trail_running;25.08.2018 17:41;10.64;765;01:07:02;147;173;3.4;152;251;06:18;03:53;504;503;1.02;10;10;292;19
trail_running;22.08.2018 17:48;9.86;766;00:54:33;156;176;4.4;157;234;05:32;03:06;140;138;1.13;9.4;10.7;279;30
trail_running;20.08.2018 18:33;7.16;502;00:35:21;155;173;3.8;161;167;04:56;03:56;14;16;1.23;8.5;10.7;276;29
trail_running;15.08.2018 15:53;2.26;173;00:12:05;--;--;--;159;166;05:22;04:27;12;16;1.17;0;0;--;25
trail_running;02.08.2018 08:42;8.98;682;00:50:36;--;--;--;157;235;05:38;03:46;174;185;1.12;0;0;--;20
trail_running;24.07.2018 18:19;9.84;706;00:53:30;148;165;3.8;157;249;05:26;03:17;134;135;1.16;9.1;10.6;279;29
trail_running;20.07.2018 18:33;8.23;641;00:49:57;149;178;3.4;156;256;06:04;04:04;236;232;1.03;9.8;10;287;28
trail_running;18.07.2018 19:00;6.71;490;00:29:33;177;193;4.8;165;183;04:24;02:49;29;29;1.35;7.9;10.9;245;27
trail_running;16.07.2018 18:46;10.08;690;00:48:48;154;176;4.3;162;204;04:50;03:41;13;13;1.25;8.3;10.6;265;26
trail_running;11.07.2018 17:36;9.95;675;00:50:22;152;175;4;157;256;05:04;03:49;140;142;1.24;8.2;10.4;263;22
trail_running;28.06.2018 07:17;12.93;833;01:06:02;149;167;3.5;159;183;05:06;04:19;102;105;1.21;8.1;9.9;279;19
trail_running;23.06.2018 17:35;10.29;683;00:45:09;164;177;4.6;167;189;04:23;03:29;8;12;1.34;7.7;10.4;249;21
trail_running;18.06.2018 18:44;10.02;674;00:46:44;156;176;4.5;162;168;04:40;03:57;10;14;1.31;8;10.7;258;27
trail_running;11.06.2018 17:08;9.88;687;00:53:45;148;170;3.3;153;230;05:26;03:44;148;148;1.17;8.9;10.5;276;27
running;03.06.2018 15:49;4.81;375;00:22:58;169;179;3.5;165;182;04:47;04:04;34;34;1.2;7.9;9.8;256;26
trail_running;03.06.2018 14:00;9;683;00:40:11;175;183;5;165;182;04:28;03:28;68;63;1.31;7.7;10.3;247;26
trail_running;26.05.2018 15:50;5.11;366;00:23:43;161;169;3.3;165;171;04:39;03:36;4;3;1.27;7.8;10.1;264;28
trail_running;20.05.2018 19:52;9.66;695;00:43:45;162;176;4.2;166;256;04:32;03:42;96;100;1.32;7.7;10.3;259;23
trail_running;15.05.2018 19:41;3.26;242;00:17:06;151;172;2.6;163;233;05:15;03:43;134;138;1.16;8.4;9.8;267;22
trail_running;13.05.2018 18:08;14.45;966;01:08:40;153;174;3.6;163;183;04:45;03:36;278;275;1.26;8;10.3;263;16
trail_running;09.05.2018 17:17;12.4;940;01:06:30;150;163;3.7;157;197;05:22;04:04;111;103;1.16;9;10.6;275;25
trail_running;09.05.2018 07:07;13.34;946;01:08:36;149;166;3.8;157;172;05:09;03:51;101;106;1.21;8.4;10.3;273;20
trail_running;04.05.2018 18:08;10.03;781;00:49:54;160;175;4.3;160;252;04:58;02:55;152;154;1.22;8.7;10.7;266;24
trail_running;26.04.2018 18:11;9.77;596;00:44:25;160;180;3.6;163;170;04:33;03:40;12;14;1.33;7.7;10.5;256;17
trail_running;22.04.2018 13:01;9.37;757;00:52:56;149;163;3.5;155;244;05:39;03:20;130;134;1.11;9.2;10.3;288;26
trail_running;17.04.2018 18:13;11.71;1.142;01:24:53;153;170;3.8;144;240;07:15;04:20;429;430;0.95;0;0;--;30
trail_running;15.04.2018 17:35;8.44;956;01:06:11;153;173;3.9;126;218;07:50;04:00;263;265;0.95;0;0;--;30
trail_running;10.04.2018 17:23;12.24;966;01:03:24;155;175;4.3;157;256;05:11;03:40;107;102;1.21;8.5;10.4;275;24
trail_running;10.04.2018 07:10;11.96;836;00:59:26;154;178;3.9;158;256;04:58;03:30;102;104;1.25;8;10;270;16
trail_running;07.04.2018 16:25;9.27;757;00:48:27;158;175;4.5;157;234;05:13;03:52;141;135;1.2;8.7;10.5;276;25
trail_running;03.04.2018 17:48;9.74;824;00:58:20;152;177;3.7;154;256;05:59;04:10;379;413;1.05;9.9;10.2;286;24
trail_running;26.03.2018 17:56;10.06;675;00:44:50;158;173;4.2;164;240;04:27;03:31;7;18;1.35;7.5;10.4;251;18
trail_running;21.03.2018 18:19;6.34;406;00:29:35;152;164;3.2;163;256;04:40;03:45;9;19;1.29;7.9;10.5;255;17
trail_running;20.03.2018 17:27;9.36;597;00:50:34;148;179;3.3;155;256;05:24;04:07;145;158;1.17;8.8;10.3;269;14
trail_running;15.03.2018 16:54;11.86;810;01:02:19;146;170;3.4;155;240;05:15;03:42;105;99;1.2;8.2;10;275;20
trail_running;15.03.2018 07:08;9.15;621;00:45:33;147;175;3.6;157;175;04:59;03:43;21;29;1.25;7.9;10;263;17
trail_running;12.03.2018 18:10;10.12;688;00:46:57;155;171;4.5;160;175;04:38;03:49;4;10;1.32;8.2;10.9;257;17
trail_running;08.03.2018 16:57;10.02;725;00:48:13;157;173;4.5;162;207;04:49;03:52;32;23;1.25;8.1;10.3;258;17
trail_running;08.03.2018 06:56;10.13;701;00:49:38;148;163;3.9;162;256;04:54;03:41;19;36;1.23;8.2;10.2;268;14
trail_running;03.03.2018 18:07;11.14;801;01:00:29;151;178;4.1;158;256;05:26;03:49;261;272;1.14;8.7;9.9;274;12
trail_running;22.02.2018 17:21;9.72;122;00:49:26;127;154;1.3;155;173;05:05;04:00;30;27;1.27;0;0;--;17
trail_running;22.02.2018 07:01;9.76;578;00:47:18;146;165;3.8;160;173;04:51;03:40;24;28;1.29;0;0;--;12
trail_running;15.02.2018 17:09;9.66;750;00:47:00;--;--;--;162;175;04:52;04:05;32;27;1.27;0;0;--;17
trail_running;15.02.2018 06:58;9.95;783;00:48:38;--;--;--;163;173;04:53;03:52;23;35;1.26;0;0;--;11
trail_running;12.02.2018 17:25;10.18;829;00:53:54;--;--;--;155;191;05:18;03:21;162;172;1.22;0;0;--;17
trail_running;06.02.2018 17:08;9.5;752;00:46:07;--;--;--;161;172;04:51;03:42;28;25;1.28;0;0;--;13
trail_running;06.02.2018 07:00;9.74;803;00:47:13;--;--;--;160;169;04:51;04:04;22;29;1.29;0;0;--;15
trail_running;30.01.2018 17:28;9.67;770;00:48:23;--;--;--;159;169;05:00;03:48;28;24;1.26;0;0;--;18
trail_running;30.01.2018 06:58;9.7;797;00:50:19;--;--;--;156;171;05:11;04:10;21;32;1.23;0;0;--;17
trail_running;26.01.2018 17:15;9.75;651;00:46:40;155;165;4;164;197;04:47;03:35;21;31;1.25;8;10.2;264;15
trail_running;26.01.2018 06:32;9.7;646;00:49:07;148;165;3.7;160;172;05:04;03:44;20;29;1.22;7.9;9.7;270;16
trail_running;23.01.2018 17:40;7.75;502;00:44:49;139;163;2.6;151;256;05:47;00:38;143;151;1.11;9.1;10.1;282;18
trail_running;21.01.2018 18:26;4.6;314;00:22:26;154;168;3.1;164;177;04:52;00:36;15;17;1.23;8.3;10.2;263;19
trail_running;21.01.2018 11:52;1.72;94;00:18:29;--;--;--;110;122;10:44;07:19;2;7;0.85;0;0;--;10
trail_running;19.01.2018 18:16;9.42;621;00:48:19;148;178;3.5;159;256;05:08;00:32;147;146;1.21;8.5;10.3;269;16
trail_running;15.01.2018 17:58;4.9;316;00:22:01;162;175;3.3;164;171;04:30;03:39;9;2;1.34;7.8;10.6;254;11
trail_running;15.01.2018 17:31;5.16;280;00:25:20;146;168;2.5;160;171;04:54;03:48;3;9;1.26;8.2;10.5;260;14
trail_running;11.01.2018 17:23;9.77;701;00:49:23;156;168;4;160;223;05:03;03:56;30;23;1.21;8.5;10.4;278;15
trail_running;11.01.2018 07:04;9.69;685;00:50:49;151;172;3.7;159;256;05:15;04:21;23;32;1.18;8.1;9.7;278;14
trail_running;06.01.2018 16:56;7.08;498;00:38:11;149;171;3.4;154;226;05:24;04:00;102;111;1.19;8.6;10.3;273;14
trail_running;30.12.2017 09:38;14.49;994;01:12:33;157;179;3.8;161;186;05:00;03:51;271;270;1.22;8;10;278;18
trail_running;28.12.2017 11:46;13.1;864;01:03:03;163;181;4.7;161;240;04:49;00:25;139;136;1.27;7.7;10;273;17
trail_running;25.12.2017 09:35;11.19;822;00:57:52;158;179;4.4;161;256;05:10;00:20;210;215;1.16;8.6;10;279;15
trail_running;23.12.2017 16:15;11.06;807;00:59:08;154;173;4.3;156;241;05:21;03:59;69;66;1.16;8.7;10.2;284;19
trail_running;18.12.2017 17:13;6.33;428;00:30:51;154;173;3.5;159;181;04:53;03:40;16;24;1.26;8.1;10.4;266;20
trail_running;16.12.2017 16:53;9.56;724;00:59:38;149;176;3.4;154;231;06:14;00:37;378;377;1;9.8;9.6;292;19
trail_running;12.12.2017 18:23;3.22;225;00:15:17;168;179;3.2;161;177;04:45;03:30;3;6;1.3;8;10.4;263;15
trail_running;12.12.2017 18:00;4.31;282;00:21:31;154;175;3.2;159;177;04:59;03:37;2;8;1.24;8.4;10.3;265;18
trail_running;11.12.2017 18:32;10.02;751;00:57:30;151;180;3.9;157;236;05:44;04:16;192;199;1.09;9.1;9.8;286;14
trail_running;05.12.2017 18:23;7.07;456;00:36:40;145;168;3.4;159;175;05:11;00:23;15;13;1.2;8.2;10;279;20
trail_running;02.12.2017 17:32;9.56;673;00:48:14;157;176;4.5;158;211;05:03;00:34;149;148;1.24;7.5;9.4;269;13
trail_running;28.11.2017 16:59;7.15;494;00:35:04;162;180;4;162;173;04:54;00:42;15;33;1.23;7.8;9.8;268;13
trail_running;26.11.2017 16:16;10.1;829;00:48:55;--;--;--;165;173;04:51;00:27;6;100;1.25;0;0;--;12
trail_running;23.11.2017 16:58;8.12;662;00:41:58;--;--;--;157;166;05:10;04:12;22;25;1.23;0;0;--;21
trail_running;28.10.2017 17:21;8.74;559;00:47:05;142;163;3.3;152;229;05:23;03:42;148;153;1.2;8.5;10.1;272;18
trail_running;24.10.2017 17:52;9.73;653;00:45:02;160;177;4.5;164;225;04:38;03:33;25;22;1.3;7.5;10;259;19
trail_running;24.10.2017 07:35;9.65;626;00:47:53;151;178;4;157;256;04:58;03:31;20;27;1.26;7.8;9.8;267;16
trail_running;17.10.2017 18:15;11.19;773;00:54:42;159;180;4.6;160;256;04:53;03:16;149;151;1.26;8.5;10.6;266;22
trail_running;14.10.2017 18:00;9.51;682;00:56:50;148;178;3.2;150;231;05:59;03:51;375;372;1.08;9.5;10.1;286;22
trail_running;11.10.2017 06:47;7.78;581;01:00:17;--;--;--;136;203;07:45;03:43;309;311;0.95;0;0;--;18
trail_running;05.10.2017 17:19;9.73;651;00:46:38;155;172;3.8;163;233;04:48;03:27;38;35;1.26;7.5;9.6;264;19
trail_running;05.10.2017 07:21;9.67;590;00:48:14;143;165;3.2;162;219;04:59;03:51;23;24;1.21;7.8;9.6;270;17
trail_running;30.09.2017 18:30;6.63;392;00:29:56;151;171;3.2;161;176;04:31;03:29;9;7;1.35;7.9;10.7;257;21
trail_running;26.09.2017 17:38;9.72;626;00:48:45;147;161;3.3;161;192;05:01;03:38;28;23;1.2;8;9.7;277;23
trail_running;26.09.2017 07:08;9.72;619;00:48:12;146;162;3.3;162;172;04:58;03:30;21;28;1.19;8.1;9.8;276;17
trail_running;24.09.2017 18:10;10.73;702;01:00:22;143;171;3.1;153;256;05:38;03:24;291;293;1.12;9.2;10.3;284;20
trail_running;20.09.2017 17:32;9.72;618;00:47:10;148;163;3.4;161;256;04:51;03:27;24;23;1.27;7.8;10;271;20
trail_running;20.09.2017 07:02;9.7;583;00:47:43;144;163;3.4;161;256;04:55;03:46;22;32;1.23;8;10;274;15
trail_running;18.09.2017 18:50;6.8;435;00:33:20;146;164;3.2;160;171;04:54;01:07;264;11;1.23;8.3;10.3;277;18
trail_running;15.09.2017 17:30;9.73;648;00:48:21;149;168;3.7;162;256;04:58;03:58;28;24;1.22;8;10;279;22
trail_running;15.09.2017 07:16;9.61;592;00:51:13;141;162;3.3;152;256;05:20;04:04;20;26;1.21;8;9.8;280;17
trail_running;12.09.2017 18:38;6.9;410;00:31:54;149;174;3.4;161;173;04:37;03:24;6;11;1.33;8;10.8;263;19
trail_running;07.09.2017 17:33;7.95;521;00:37:12;156;172;3.8;160;177;04:41;03:46;29;20;1.32;7.8;10.4;263;22
trail_running;07.09.2017 07:15;8.02;513;00:38:33;148;170;3.6;162;178;04:48;03:57;18;25;1.24;7.9;10.1;269;19
trail_running;04.09.2017 17:37;7.97;564;00:40:21;153;168;3.9;160;227;05:04;04:10;23;16;1.21;8.2;10.1;282;24
trail_running;04.09.2017 07:38;7.95;491;00:37:57;149;169;3.6;162;174;04:47;03:24;15;24;1.26;7.9;10.2;268;16
trail_running;27.08.2017 08:42;5.49;419;00:39:11;--;--;--;150;250;07:08;04:13;211;212;0.93;0;0;--;23
trail_running;24.08.2017 17:26;7.95;574;00:40:51;154;172;4;160;208;05:08;03:57;24;20;1.18;8.4;10.2;280;27
trail_running;24.08.2017 07:21;8.05;527;00:38:07;156;172;4;160;175;04:44;03:35;18;24;1.29;7.8;10.2;268;20
trail_running;19.08.2017 19:06;11.48;842;01:01:10;155;182;4.3;159;256;05:20;03:50;300;294;1.15;9.3;10.6;272;24
trail_running;13.08.2017 10:40;8.1;558;00:40:14;154;174;3.8;160;171;04:58;03:56;18;16;1.22;8.6;10.6;277;23
trail_running;31.07.2017 18:33;8.08;577;00:39:43;163;173;4.3;160;169;04:55;04:00;19;18;1.22;8.5;10.6;279;28
trail_running;26.07.2017 19:00;7.84;489;00:36:48;154;180;3.8;163;225;04:42;03:26;17;19;1.26;8.2;10.5;270;19
trail_running;22.07.2017 08:29;8.32;678;00:54:06;150;178;4;147;256;06:30;03:54;282;282;1.02;10.4;10;297;22
trail_running;16.07.2017 19:53;5.12;346;00:23:41;166;178;3.8;164;175;04:37;03:49;8;5;1.27;8.3;10.6;253;26
trail_running;16.07.2017 19:27;5.08;312;00:25:10;146;172;3.2;161;172;04:57;03:39;7;15;1.22;8.6;10.6;272;24
trail_running;06.07.2017 06:54;7.82;539;00:39:16;154;168;4;163;174;05:01;03:56;16;24;1.2;8.2;9.9;279;24
trail_running;02.07.2017 08:24;12.03;778;00:59:30;150;169;4;161;197;04:57;04:07;20;26;1.22;8.6;10.6;277;21
trail_running;28.06.2017 18:17;7.76;523;00:39:00;155;174;3.8;159;174;05:02;03:48;21;20;1.2;8.9;10.7;278;28
trail_running;25.06.2017 10:22;13.49;940;01:24:00;146;173;3;157;248;06:14;04:23;495;497;0.98;10.2;9.9;296;25
running;20.06.2017 18:50;10.21;782;00:53:49;163;178;3.9;159;168;05:16;04:18;10;8;1.16;9;10.5;284;30
trail_running;20.06.2017 18:37;2.37;157;00:12:40;143;167;2.2;154;183;05:21;03:17;3;7;1.15;9;10.4;280;30
trail_running;13.06.2017 17:43;4.84;426;00:33:12;149;175;3;152;256;06:52;04:32;206;213;0.92;11.5;10.2;295;31
trail_running;08.06.2017 18:31;11.31;780;00:58:12;155;174;3.5;161;256;05:09;04:10;231;230;1.17;9;10.7;276;25
trail_running;04.06.2017 15:11;9.77;705;00:47:41;163;180;4.3;165;192;04:53;04:14;57;18;1.22;7.8;9.8;272;25
trail_running;04.06.2017 13:30;5.7;400;00:26:10;169;181;3.6;160;171;04:35;03:58;17;20;1.35;7.4;10.2;262;28
trail_running;31.05.2017 19:28;12.01;872;01:02:26;156;172;4.3;157;216;05:12;02:22;19;22;1.16;9.2;10.6;283;26
trail_running;29.05.2017 18:51;10.01;730;00:53:08;154;171;4.1;159;174;05:18;03:51;25;26;1.11;9.5;10.7;284;30
trail_running;26.05.2017 14:47;2.51;350;00:24:56;158;174;3.2;137;256;09:56;02:00;257;292;0.74;13.6;9.5;376;25
trail_running;21.05.2017 13:13;4.39;302;00:22:00;152;168;3.1;162;251;05:01;04:10;20;26;1.23;8.9;10.4;280;21
trail_running;20.05.2017 18:05;10.01;651;00:49:25;156;175;4.1;161;173;04:56;03:45;23;28;1.26;8.7;10.6;283;22
trail_running;17.05.2017 17:29;7.68;523;00:39:12;151;169;3.5;158;256;05:06;03:54;28;16;1.26;8.4;10.1;280;28
trail_running;10.05.2017 17:26;7.98;549;00:39:47;154;168;3.9;161;256;04:59;04:00;30;17;1.25;8.3;10.3;277;25
trail_running;10.05.2017 07:38;8.02;511;00:40:43;148;163;3.5;161;175;05:05;04:09;19;25;1.23;8;9.8;276;18
trail_running;07.05.2017 09:43;16;1.076;01:19:16;153;179;5;163;184;04:57;02:55;18;19;1.24;8.3;10.1;272;20
trail_running;03.05.2017 18:00;9.35;667;00:46:13;162;179;4.6;162;256;04:57;03:24;144;140;1.26;8.7;10.5;272;23
trail_running;30.04.2017 16:33;5.51;495;00:56:04;134;175;2.8;125;256;10:10;03:04;306;302;0.83;12.8;9.3;347;22
trail_running;26.04.2017 18:14;9.26;523;00:43:11;160;175;3.9;163;240;04:40;03:21;26;83;1.33;8.4;10.5;263;16
trail_running;20.04.2017 17:30;8.12;529;00:38:18;155;166;3.5;163;246;04:43;02:44;32;18;1.31;7.9;10.1;266;17
trail_running;20.04.2017 07:24;8.4;525;00:39:17;152;169;3.6;160;213;04:41;00:19;22;21;1.35;7.4;9.8;261;16
trail_running;11.04.2017 17:41;8.01;524;00:38:10;152;170;3.5;164;181;04:46;03:32;28;21;1.28;7.9;10.1;273;20
trail_running;11.04.2017 07:02;8.04;499;00:38:13;148;166;3.3;163;170;04:45;03:29;17;28;1.29;7.6;10;272;17
trail_running;08.04.2017 12:46;7.27;456;00:34:44;148;164;3.3;162;177;04:47;03:44;28;25;1.29;8.8;10.6;271;22
trail_running;04.04.2017 17:03;7.12;433;00:35:18;145;167;3;159;199;04:57;03:53;17;21;1.27;8.7;10.7;281;17
running;02.04.2017 12:15;10.27;720;00:45:16;175;188;5;163;177;04:24;02:47;73;72;1.39;8.1;10.9;254;25
trail_running;27.03.2017 18:23;11.44;766;00:54:01;161;177;4.9;162;185;04:43;03:35;17;18;1.32;8.3;10.8;269;21
trail_running;24.03.2017 18:03;7.94;495;00:39:33;147;162;3.2;160;210;04:59;03:59;26;22;1.26;8.3;10.2;275;16
trail_running;24.03.2017 07:03;7.88;518;00:38:50;152;170;3.6;162;182;04:56;03:34;18;38;1.26;7.8;9.7;271;18
trail_running;21.03.2017 18:58;7.16;430;00:35:19;143;177;3.2;161;205;04:56;03:39;22;25;1.26;8.9;10.5;277;19
trail_running;19.03.2017 16:57;14.82;978;01:32:06;142;173;3.3;150;256;06:13;03:51;210;213;1.09;9.5;9.8;290;17
trail_running;15.03.2017 18:33;11.3;651;00:54:03;157;185;4.2;163;220;04:47;03:26;13;16;1.29;8.3;10.3;272;14
trail_running;12.03.2017 12:33;5.07;312;00:26:01;147;176;3.3;158;256;05:08;02:48;12;17;1.27;8.3;9.9;282;17
trail_running;04.03.2017 18:00;10.03;665;00:43:09;171;180;5;167;185;04:18;03:39;4;9;1.4;7.4;10.5;261;18
trail_running;26.02.2017 15:06;10.34;677;00:52:17;152;177;4.1;163;256;05:03;03:50;122;120;1.22;8.4;10.1;274;17
trail_running;25.02.2017 13:27;14.59;1.016;01:25:25;150;180;3.6;154;256;05:51;03:43;468;460;1.13;9.6;9.9;289;17
trail_running;23.02.2017 18:16;11.4;725;00:53:40;159;177;4.8;164;183;04:42;03:30;23;20;1.31;8;10.3;272;19
trail_running;16.02.2017 19:06;10.03;616;00:54:46;140;171;3;159;248;05:27;04:09;195;191;1.16;9.6;10.3;282;18
trail_running;14.02.2017 18:38;7.14;397;00:35:49;144;171;3.1;160;256;05:01;03:48;21;25;1.25;9.2;11;275;16
trail_running;11.02.2017 11:46;10.04;656;00:46:07;159;184;4.7;164;189;04:36;03:36;36;30;1.33;8.2;10.6;266;15
trail_running;09.02.2017 18:42;10.6;669;00:50:31;158;178;4.3;162;202;04:46;03:32;21;21;1.3;8.1;10.4;267;9
trail_running;05.02.2017 19:15;8.49;593;00:45:19;152;176;3.5;160;249;05:20;04:13;145;146;1.17;9.4;10.4;276;16
trail_running;01.02.2017 18:46;6.41;495;00:34:32;--;--;--;157;243;05:23;03:56;18;19;1.2;0;0;--;11
trail_running;23.01.2017 15:30;5.43;428;00:28:14;--;--;--;164;244;05:12;03:26;45;47;1.16;0;0;--;15
trail_running;22.01.2017 11:39;7.7;572;00:35:15;--;--;--;164;177;04:35;03:30;29;24;1.35;0;0;--;17
trail_running;18.01.2017 12:02;7.61;467;00:39:40;141;158;3;161;233;05:13;04:07;28;26;1.2;9.1;10.4;283;20
trail_running;17.01.2017 10:05;13.04;844;01:11:51;152;179;4.2;159;256;05:31;03:42;502;504;1.15;8.9;9.6;281;9
trail_running;11.01.2017 11:40;13.81;900;01:45:47;134;174;2.5;138;256;07:40;02:46;453;431;0.99;10.4;9.3;317;17
trail_running;05.01.2017 11:59;9.17;570;00:51:29;150;171;3.1;159;246;05:37;03:18;364;368;1.13;9.2;9.8;276;12
trail_running;04.01.2017 11:52;9.65;535;00:51:36;137;176;2.8;149;248;05:21;03:15;271;273;1.26;10.7;10;291;19
trail_running;03.01.2017 11:51;7.16;422;00:47:42;132;173;2.2;153;256;06:40;03:38;240;238;0.99;10.8;10;300;10
trail_running;30.12.2016 10:11;21.72;1.601;02:23:04;151;174;3.5;152;256;06:35;03:01;817;809;1.02;11.1;10;310;13
trail_running;27.12.2016 11:18;10.85;658;00:56:57;153;194;3.4;160;256;05:15;03:55;63;58;1.2;8.6;9.9;274;19
trail_running;25.12.2016 11:43;8.16;503;00:47:14;133;183;2.9;157;188;05:47;03:32;88;84;1.1;9.4;10.4;293;21
trail_running;24.12.2016 11:37;12.41;821;01:00:16;159;177;4.3;163;234;04:51;03:15;115;113;1.27;8.3;10.5;270;18
trail_running;21.12.2016 11:36;13.79;891;01:32:43;139;175;3;143;256;06:43;02:52;511;507;1.07;9.5;9.6;287;10
trail_running;19.12.2016 12:25;4.07;269;00:21:02;150;172;2.8;160;256;05:10;03:07;13;28;1.19;10.2;10.8;266;16
trail_running;19.12.2016 11:51;5.82;351;00:33:06;134;171;2.8;158;232;05:41;03:24;45;26;1.13;10;10.6;282;13
trail_running;16.12.2016 11:45;9.51;564;01:08:38;132;176;2.3;145;256;07:13;03:09;348;341;0.99;10.5;9.5;304;15
trail_running;13.12.2016 12:18;9.21;534;00:50:01;140;169;3;158;227;05:26;03:40;226;223;1.17;9;10.3;272;7
trail_running;12.12.2016 11:56;11.68;713;01:01:40;147;176;3.5;160;256;05:17;03:26;63;60;1.19;9.6;10.5;268;12
trail_running;11.12.2016 17:04;12.48;823;01:14:33;146;175;3.8;158;248;05:58;03:40;486;482;1.07;9.4;9.4;288;15
trail_running;09.12.2016 11:54;10.15;648;00:54:54;147;181;3.4;160;256;05:25;03:20;332;330;1.16;9.1;10.1;271;13
trail_running;08.12.2016 11:49;9.91;609;00:56:39;149;175;3.3;156;256;05:43;03:00;361;359;1.14;9.4;10;276;15
trail_running;07.12.2016 11:48;10.12;597;01:09:00;137;174;2.9;146;256;06:49;03:12;352;355;1.02;10.4;9.9;300;12
trail_running;06.12.2016 11:41;11.11;773;01:14:45;142;174;3.1;141;243;06:44;03:39;331;333;1.08;10.3;10.3;280;13
trail_running;05.12.2016 11:53;8.59;488;00:55:13;133;165;2.1;155;256;06:26;03:44;80;75;1.01;11.4;10.8;289;14
trail_running;03.12.2016 12:34;11.6;770;01:13:31;138;176;3.2;156;256;06:20;03:23;303;300;1.02;11;10.5;290;17
trail_running;28.11.2016 11:44;12.84;910;01:14:13;152;176;3.6;157;256;05:47;03:33;452;450;1.11;9.9;10.3;281;18
trail_running;24.11.2016 11:49;7.68;479;00:49:14;131;166;2.6;153;256;06:24;03:33;237;237;1.04;10.4;10;294;21
trail_running;21.11.2016 12:09;10.55;671;00:51:48;152;172;3.7;161;256;04:55;03:01;98;90;1.29;9.2;11;265;16
trail_running;18.11.2016 11:50;10.59;639;01:01:04;142;174;3.1;157;256;05:46;03:25;358;357;1.13;9.3;10;279;17
trail_running;16.11.2016 11:22;17.56;989;02:03:43;134;171;2.9;141;256;07:03;03:32;555;516;1.02;10.8;10;303;16
trail_running;14.11.2016 11:55;8.41;463;00:51:45;130;167;2.8;154;235;06:09;02:17;42;42;1.08;10.9;10.8;289;15
trail_running;13.11.2016 21:05;9.12;569;00:51:59;144;170;3.3;159;256;05:42;03:58;308;308;1.11;9.6;10.1;281;16
trail_running;11.11.2016 11:50;10.27;638;00:58:28;140;165;2.8;157;256;05:41;01:13;348;267;1.13;9.2;10.1;283;15
trail_running;10.11.2016 11:56;10.09;647;01:00:02;136;162;2.9;154;256;05:57;03:52;72;67;1.1;9.9;10.2;296;16
trail_running;09.11.2016 11:19;16.73;967;01:45:02;134;166;2.9;147;216;06:17;04:02;381;345;1.09;9.3;9.8;298;15
trail_running;08.11.2016 18:04;5.33;374;00:31:07;141;153;3;155;256;05:50;04:37;31;35;1.11;9.7;10.6;293;23
trail_running;08.11.2016 12:20;10.09;665;00:56:29;146;164;3.3;157;240;05:36;04:04;220;220;1.14;9.5;10.5;283;16
trail_running;07.11.2016 18:08;8.2;506;00:47:07;138;151;2.5;156;186;05:45;00:59;38;13;1.13;10.3;10.6;289;17
trail_running;07.11.2016 11:04;9.18;632;00:48:23;152;173;3.7;161;256;05:16;03:46;304;305;1.18;9.1;10.3;275;17
trail_running;03.11.2016 11:53;9.04;608;00:48:44;145;169;3.3;155;239;05:23;03:37;202;196;1.2;9.2;10.8;277;16
trail_running;02.11.2016 11:52;9.7;684;01:10:49;136;171;3;138;256;07:18;03:13;351;348;1.02;10.2;9.5;301;19
trail_running;01.11.2016 10:37;20.45;1.367;01:53:52;152;181;4.8;159;198;05:34;02:25;317;316;1.13;9.2;10.3;282;23
trail_running;30.10.2016 09:13;17.12;1.207;01:50:31;146;186;4;148;256;06:27;03:27;408;408;1.06;9.9;10.1;301;22
trail_running;27.10.2016 11:50;11.88;829;01:04:37;153;177;4.1;155;256;05:26;03:10;328;327;1.19;9.3;10.7;278;18
trail_running;26.10.2016 12:00;5.16;331;00:28:57;141;173;2.6;152;172;05:37;03:41;41;38;1.18;10.1;11;290;17
trail_running;24.10.2016 11:40;8.44;652;00:40:36;--;--;--;161;210;04:49;03:21;26;26;1.3;0;0;--;17
trail_running;23.10.2016 11:35;8.39;600;00:36:59;--;--;--;161;169;04:24;03:50;36;35;1.42;0;0;--;16
trail_running;15.10.2016 17:20;4.06;323;00:19:27;--;--;--;162;173;04:48;03:49;24;22;1.31;0;0;--;30
trail_running;15.10.2016 15:59;4.21;347;00:20:30;--;--;--;161;169;04:52;01:26;23;24;1.28;0;0;--;30
trail_running;06.10.2016 11:48;6.89;436;00:45:43;129;156;2.2;151;256;06:38;03:20;194;195;1.01;10.3;10;299;18
trail_running;05.10.2016 11:51;8.33;542;00:54:03;134;174;2.5;147;256;06:30;03:12;275;272;1.07;9.7;9.9;295;19
trail_running;04.10.2016 20:16;5.76;362;00:25:47;155;176;3;161;219;04:29;03:23;64;68;1.39;8.5;11.3;254;19
trail_running;02.10.2016 18:09;8.36;676;00:59:46;--;--;--;132;169;07:09;04:22;110;106;1.03;0;0;--;27
trail_running;28.09.2016 11:50;11.34;707;01:14:39;137;171;2.7;151;247;06:35;01:00;406;396;1.02;10.9;10.6;294;21
trail_running;26.09.2016 11:52;5.87;379;00:35:13;135;175;2.6;156;256;06:00;03:13;36;34;1.08;10.9;10.8;284;22
trail_running;23.09.2016 11:47;16.66;1.176;01:21:19;161;177;4.7;161;234;04:53;04:00;161;158;1.28;8.3;10.6;269;22
trail_running;21.09.2016 12:00;10.04;657;00:45:31;159;177;4;164;256;04:32;02:50;43;45;1.35;8.5;11;264;20
trail_running;19.09.2016 11:47;9.19;580;00:42:32;153;171;3.6;163;210;04:38;03:06;31;32;1.33;8.7;10.9;264;19
trail_running;16.09.2016 06:57;11.36;770;00:54:23;157;180;4.2;161;256;04:47;03:21;16;17;1.31;8.7;10.8;271;21
trail_running;14.09.2016 19:17;6.21;396;00:27:38;160;178;3.4;162;256;04:27;03:33;13;13;1.4;8.6;11.1;262;24
trail_running;13.09.2016 06:51;6.74;429;00:32:24;150;168;3.3;162;177;04:49;03:19;11;11;1.3;8.8;10.8;272;24
trail_running;12.09.2016 07:17;8.23;574;00:40:22;157;177;3.8;160;192;04:54;03:54;18;20;1.28;8.8;10.8;273;24
trail_running;10.09.2016 09:29;11.59;1.709;02:32:17;149;171;3.9;100;256;13:08;01:45;1.632;279;0.8;14.7;10.5;517;23
trail_running;07.09.2016 11:50;13.5;888;01:42:44;131;167;2.6;139;256;07:37;03:26;462;454;0.97;11.6;10.2;314;24
trail_running;05.09.2016 12:10;3;199;00:16:07;151;173;2.5;162;188;05:22;03:02;11;28;1.18;10.8;10.6;270;21
trail_running;05.09.2016 11:49;3.62;234;00:19:54;140;169;2.5;160;224;05:30;03:02;33;16;1.16;10.6;11;278;20
trail_running;02.09.2016 11:37;14.36;1.085;01:24:15;154;176;3.7;154;256;05:52;03:12;428;423;1.12;9.8;10;292;27
trail_running;31.08.2016 12:12;9.6;759;00:54:28;--;--;--;152;218;05:40;03:19;189;187;1.16;0;0;--;26
trail_running;29.08.2016 12:13;6.88;514;00:40:28;148;171;3.2;156;248;05:53;04:15;67;66;1.1;11.1;10.5;285;24
treadmill_running;29.08.2016 10:49;0;7;00:08:41.3;43;61;1;--;--;--;--;--;--;0;0;0;--;31
trail_running;25.08.2016 12:27;5.75;485;00:35:06;155;175;3.3;151;255;06:06;01:45;36;22;1.1;10.1;10.1;286;30
trail_running;25.08.2016 11:51;6.22;436;00:34:39;145;175;3.1;157;255;05:34;01:46;27;40;1.16;10.5;10.9;279;27
trail_running;22.08.2016 07:53;12.2;908;01:10:13;153;192;3.9;156;234;05:45;03:30;462;467;1.11;0;0;--;19
trail_running;18.08.2016 12:16;8.65;618;00:45:12;153;184;3.4;158;235;05:13;03:20;211;210;1.21;9.3;10.7;277;24
trail_running;17.08.2016 11:50;12.77;979;01:23:52;148;182;3.3;152;175;06:34;01:42;484;481;1;11.3;10.7;297;27
trail_running;14.08.2016 18:18;10.23;775;00:53:47;160;182;4.2;158;187;05:15;01:38;121;122;1.21;9.4;10.5;279;26
trail_running;13.08.2016 11:23;1.81;139;00:13:45;--;--;--;138;167;07:35;03:10;9;17;0.94;0;0;--;27
trail_running;11.08.2016 08:33;9.78;681;00:49:45;150;176;3.7;160;255;05:05;03:34;32;34;1.23;8.7;10.2;278;18
trail_running;08.08.2016 07:58;5.25;374;00:26:01;156;170;3.3;164;182;04:57;03:19;18;12;1.25;8.9;10.3;269;21
trail_running;08.08.2016 07:42;2.22;144;00:11:50;135;158;2;160;168;05:19;04:14;7;9;1.17;9.4;10.3;279;21
trail_running;05.08.2016 12:17;3.36;242;00:19:35;149;176;2.6;156;255;05:50;02:48;17;22;1.12;10.1;10.3;279;23
trail_running;05.08.2016 11:49;4.82;317;00:27:38;136;165;2.6;156;178;05:44;03:27;22;15;1.13;10.7;11.1;287;21
trail_running;03.08.2016 11:26;15.89;1.21;01:55:36;145;185;3.4;138;255;07:16;03:25;490;484;1;11.6;10.2;309;26
trail_running;28.07.2016 11:47;7.68;633;00:51:25;145;180;3.2;148;255;06:42;03:51;252;249;1.03;10.1;9.8;299;27
trail_running;25.07.2016 11:47;6.61;531;00:37:32;152;177;3.5;156;199;05:41;03:42;213;213;1.13;9.8;10.7;285;28
trail_running;22.07.2016 07:02;11.1;767;00:57:38;150;169;3.9;157;209;05:12;01:47;16;19;1.22;8.9;10.4;280;23
trail_running;19.07.2016 09:05;2.61;212;00:14:22;163;176;2.9;153;173;05:31;03:51;12;10;1.22;9.9;10.5;284;26
trail_running;19.07.2016 08:40;4.44;323;00:24:03;150;174;3.1;159;182;05:25;03:48;11;18;1.17;9.5;10.8;281;25
trail_running;15.07.2016 10:11;7.58;610;00:48:18;142;159;3;153;232;06:22;01:43;33;34;1.03;9.7;10;304;25
trail_running;11.07.2016 17:57;10.34;736;00:50:53;156;174;4;160;169;04:55;03:51;38;36;1.27;8.6;10.8;273;25
trail_running;06.07.2016 12:26;2.34;176;00:15:19;136;160;2;142;255;06:32;01:43;2;141;1.11;10;10.4;291;26
trail_running;06.07.2016 11:47;4.89;414;00:36:20;137;173;2.7;146;255;07:26;00:32;293;156;0.94;10.8;9.6;312;26
trail_running;01.07.2016 11:54;9.51;705;00:57:23;144;167;3;150;244;06:02;04:03;281;279;1.09;9.8;10.1;296;26
trail_running;30.06.2016 11:45;11.34;780;01:03:49;141;170;3.2;158;240;05:38;03:33;110;109;1.13;9.7;10.3;283;23
trail_running;28.06.2016 11:42;15.04;1.144;01:29:20;151;181;3.7;149;255;05:56;01:46;452;445;1.14;9.5;10.1;296;26
trail_running;27.06.2016 12:21;4;282;00:19:13;160;180;3.1;160;219;04:48;00:16;13;22;1.33;9.3;11.1;266;26
trail_running;27.06.2016 11:49;4.41;286;00:30:05;120;151;1.7;153;228;06:49;03:41;41;32;0.97;10.8;10;300;25
trail_running;23.06.2016 07:26;11.06;836;00:58:17;155;174;4;160;204;05:16;01:41;157;157;1.19;9.2;10.4;277;23
trail_running;21.06.2016 07:30;7.42;470;00:34:53;149;173;3.3;162;176;04:42;03:04;21;22;1.32;8.6;10.5;273;22
trail_running;17.06.2016 11:49;9.53;628;00:58:44;139;172;2.5;155;227;06:10;01:17;278;284;1.05;10.2;10.1;293;23
trail_running;15.06.2016 13:01;2.07;164;00:14:01;135;173;2;155;234;06:47;03:08;4;16;0.96;11.7;10.1;290;22
trail_running;15.06.2016 12:37;4.24;280;00:23:34;139;173;2.5;158;191;05:34;03:28;22;18;1.15;10.1;10.8;285;20
trail_running;14.06.2016 19:18;12.67;960;01:06:13;160;182;4.2;160;255;05:14;01:41;453;455;1.2;9.1;10.3;279;21
trail_running;10.06.2016 11:50;7.98;603;00:49:07;144;171;3.1;155;255;06:09;03:06;267;265;1.05;10.3;10.2;293;25
trail_running;09.06.2016 17:26;6.76;458;00:44:20;131;160;2.2;149;212;06:34;02:56;73;66;1.02;11.3;10.7;304;24
trail_running;08.06.2016 12:27;11.22;814;01:01:27;150;176;3.4;156;212;05:29;01:47;349;349;1.17;9.1;10.3;279;22
trail_running;06.06.2016 11:34;6.54;469;00:43:28;131;157;2.2;154;255;06:39;03:38;44;45;0.98;11.6;10.8;289;25
trail_running;04.06.2016 09:48;18.63;1.649;01:54:52;160;179;4.3;155;255;06:10;01:41;476;483;1.06;11.1;10.3;299;23
trail_running;31.05.2016 11:48;11.64;854;01:03:22;153;182;3.6;156;240;05:27;01:40;309;309;1.18;9.2;10.7;284;22
trail_running;30.05.2016 11:54;8.07;590;00:49:27;145;178;3;149;255;06:08;01:47;268;266;1.11;9.9;10.6;293;23
trail_running;25.05.2016 11:56;12.41;798;01:18:15;137;175;3;153;255;06:18;01:44;78;71;1.04;11;10.5;295;20
trail_running;24.05.2016 18:15;7.13;505;00:37:45;149;174;3;157;255;05:18;03:21;222;223;1.2;9.5;10.7;282;20
trail_running;23.05.2016 17:28;13.54;923;01:03:34;158;182;4.6;161;186;04:42;03:14;132;89;1.32;8.2;10.5;274;16
trail_running;19.05.2016 17:59;6.9;506;00:38:26;151;179;3.3;151;255;05:34;03:25;110;116;1.2;9.8;11;279;20
trail_running;10.05.2016 18:14;13.61;955;01:08:52;157;176;4.6;160;200;05:04;03:56;126;82;1.23;8.8;10.5;278;25
trail_running;08.05.2016 16:00;12.13;968;01:10:48;163;181;4.3;159;255;05:50;01:44;453;445;1.08;9.8;9.7;280;25
trail_running;05.05.2016 16:30;11.08;981;01:05:21;167;183;5;152;244;05:54;01:42;312;311;1.13;9.5;10.5;294;24
trail_running;03.05.2016 17:55;7.52;718;00:48:35;162;184;4.4;148;255;06:28;01:40;300;298;1.06;10.6;10.3;317;22
trail_running;01.05.2016 16:10;10.48;893;00:57:10;165;181;5;157;214;05:27;01:43;226;227;1.17;9;10.4;282;25
trail_running;29.04.2016 11:41;13.07;1.002;01:28:00;144;184;3.6;147;213;06:44;01:45;505;502;1.02;10.6;10.1;296;20
trail_running;28.04.2016 11:45;10.06;803;00:54:36;155;183;3.9;157;209;05:26;04:01;266;261;1.17;9.3;10.5;281;17
running;26.04.2016 18:58;9.34;778;00:46:02;--;--;--;162;178;04:56;03:18;34;39;1.27;0;0;--;16
trail_running;13.04.2016 17:28;6.48;470;00:45:16;128;164;2.1;150;243;06:59;03:37;71;68;0.95;11.6;10.6;301;0
trail_running;12.04.2016 11:57;11.4;888;01:04:46;149;172;3.6;156;255;05:41;03:42;334;330;1.13;9.5;10.4;283;0
trail_running;11.04.2016 12:23;12.22;824;01:14:16;140;176;3.4;156;242;06:05;03:01;63;55;1.06;0;10.5;285;0
running;07.04.2016 17:56;13.9;849;01:04:41;151;183;3.4;141;209;04:39;01:26;105;62;1.53;0;8.7;270;0
trail_running;06.04.2016 11:44;10.04;741;01:04:41;138;173;3;151;255;06:27;03:09;313;307;1.03;0;9.7;287;0
trail_running;04.04.2016 11:47;10.07;777;00:58:50;151;181;3.4;156;213;05:51;03:30;296;293;1.09;0;10.1;284;0
trail_running;30.03.2016 18:49;7.03;464;00:35:21;150;175;3.1;161;241;05:02;02:44;23;23;1.23;0;10.5;269;0
running;25.03.2016 18:08;14.58;1.063;01:13:09;161;178;4.4;161;202;05:01;03:02;228;232;1.24;0;10.2;270;0
trail_running;23.03.2016 12:05;11.42;751;01:07:38;145;169;3.2;158;228;05:55;02:46;371;369;1.07;0;9.9;281;0
trail_running;23.03.2016 12:05;11.42;751;01:07:38;145;169;3.2;158;228;05:55;02:46;351;354;1.07;0;9.9;281;0
trail_running;22.03.2016 19:54;9.57;636;00:56:32;146;174;3.4;157;246;05:54;02:41;307;308;1.08;0;9.6;283;0
trail_running;22.03.2016 19:54;9.57;636;00:56:32;146;174;3.4;157;246;05:54;02:41;310;310;1.08;0;9.6;283;0
trail_running;21.03.2016 11:52;12.01;727;01:10:49;143;181;3.3;159;255;05:54;02:39;97;99;1.07;0;9.9;279;0
trail_running;21.03.2016 11:52;12.01;727;01:10:49;143;181;3.3;159;255;05:54;02:39;74;69;1.07;0;9.9;279;0
trail_running;16.03.2016 12:18;9.73;657;00:56:51;149;178;3.6;158;255;05:51;02:49;307;309;1.09;0;9.5;278;0
trail_running;16.03.2016 12:18;9.73;657;00:56:51;149;178;3.6;158;255;05:51;02:49;325;328;1.09;0;9.5;278;0
trail_running;14.03.2016 12:27;3.54;264;00:19:24;158;184;3.1;160;190;05:29;02:44;41;42;1.14;0;10.4;270;0
trail_running;14.03.2016 12:27;3.54;264;00:19:24;158;184;3.1;160;190;05:29;02:44;16;19;1.14;0;10.4;270;0
trail_running;14.03.2016 12:05;3.83;263;00:21:23;153;177;3.1;160;187;05:35;00:52;42;30;1.12;0;10;271;0
trail_running;14.03.2016 12:05;3.83;263;00:21:23;153;177;3.1;160;187;05:35;00:52;27;20;1.12;0;10;271;0
trail_running;10.03.2016 11:49;7.84;553;00:44:31;149;182;3.6;153;230;05:41;02:33;85;80;1.15;0;9.6;275;0
trail_running;10.03.2016 11:49;7.84;553;00:44:31;149;182;3.6;153;230;05:41;02:33;78;76;1.15;0;9.6;275;0
trail_running;09.03.2016 11:45;8.77;613;00:51:21;152;177;3.5;156;234;05:51;02:50;261;263;1.1;0;9.7;287;0
trail_running;09.03.2016 11:45;8.77;613;00:51:21;152;177;3.5;156;234;05:51;02:50;259;252;1.1;0;9.7;287;0
trail_running;07.03.2016 12:09;4.3;312;00:23:29;160;188;3.4;159;187;05:28;03:18;46;36;1.15;0;10.2;276;0
trail_running;07.03.2016 12:09;4.3;312;00:23:29;160;188;3.4;159;187;05:28;03:18;18;8;1.15;0;10.2;276;0
trail_running;07.03.2016 11:47;3.83;252;00:20:33;150;179;3.2;155;198;05:22;01:51;51;39;1.2;0;10.6;281;0
trail_running;07.03.2016 11:47;3.83;252;00:20:33;150;179;3.2;155;198;05:22;01:51;16;8;1.2;0;10.6;281;0
trail_running;04.03.2016 12:26;10.59;851;00:56:20;--;--;--;162;246;05:19;03:44;115;55;1.16;0;0;--;0
trail_running;04.03.2016 12:26;10.59;851;00:56:20;--;--;--;162;246;05:19;03:44;69;61;1.16;0;0;--;0
trail_running;03.03.2016 11:50;7.16;512;00:47:24;140;182;3;153;232;06:37;03:08;64;59;0.99;0;9.5;294;0
trail_running;03.03.2016 11:50;7.16;512;00:47:24;140;182;3;153;232;06:37;03:08;51;47;0.99;0;9.5;294;0
trail_running;02.03.2016 11:51;8.2;615;00:55:01;143;189;3.1;154;225;06:43;01:36;71;69;0.97;0;10;297;0
trail_running;02.03.2016 11:51;8.2;615;00:55:01;143;189;3.1;154;225;06:43;01:36;75;60;0.97;0;10;297;0
trail_running;29.02.2016 11:53;7.62;607;00:49:11;149;186;3.6;146;242;06:27;01:44;59;60;1.06;0;9.3;283;0
trail_running;26.02.2016 11:49;5.68;416;00:35:43;143;184;3.2;152;219;06:17;02:05;97;95;1.05;0;9.5;308;0
trail_running;24.02.2016 11:50;3.66;314;00:26:34;150;179;3;145;193;07:16;02:47;88;74;0.95;0;9.7;315;0
trail_running;08.02.2016 11:48;7.1;545;00:42:37;--;--;--;149;223;06:00;03:37;44;43;1.11;0;0;--;0
trail_running;14.01.2016 11:48;5.17;349;00:36:15;127;159;2.1;145;225;07:01;04:00;52;47;0.99;0;9.1;305;0
trail_running;10.12.2015 12:08;8.31;506;00:47:07;139;169;3;162;216;05:40;03:57;221;387;1.09;0;9.9;272;0
trail_running;08.12.2015 11:59;4.88;494;00:35:29;--;--;--;158;248;07:16;01:34;52;49;0.87;0;0;--;0
trail_running;06.12.2015 00:04;72.12;4.53;09:31:30;134;165;4.4;132;255;07:56;02:31;1.717;2.04;0.96;0;8;335;0
trail_running;02.12.2015 11:47;6.64;464;00:38:06;148;193;3.1;157;190;05:44;03:01;207;207;1.11;0;0;--;0
trail_running;27.11.2015 11:36;9.64;575;00:53:24;143;169;3.7;160;226;05:33;02:46;321;323;1.13;0;9.9;270;0
running;24.11.2015 11:35;17.02;1.114;01:37:24;149;219;--;--;--;05:43;03:18;530;554;0;0;0;--;0
running;23.11.2015 11:51;10.4;519;01:01:53;128;169;--;--;--;05:57;00:41;239;276;0;0;0;--;0
running;19.11.2015 11:48;10.03;646;00:58:06;146;202;--;--;--;05:47;02:12;325;329;0;0;0;--;0
running;18.11.2015 17:21;31.73;1.927;03:07:20;147;211;--;--;--;05:54;03:30;703;652;0;0;0;--;0
running;17.11.2015 11:32;20.68;1.308;01:55:41;147;175;--;--;--;05:36;03:23;599;601;0;0;0;--;0
running;16.11.2015 11:51;12.05;742;00:58:25;156;177;--;--;--;04:51;03:07;91;89;0;0;0;--;0
running;12.11.2015 11:49;10.08;608;00:55:35;146;175;--;--;--;05:31;03:03;306;318;0;0;0;--;0
running;11.11.2015 17:50;26;1.477;02:41:21;140;164;--;--;--;06:12;01:17;526;488;0;0;0;--;0
running;10.11.2015 11:30;20.06;1.303;01:57:57;148;181;--;--;--;05:53;02:06;648;647;0;0;0;--;0
running;09.11.2015 11:57;10.71;655;00:53:00;156;177;--;--;--;04:57;02:10;106;105;0;0;0;--;0
running;04.11.2015 18:07;31.95;2.054;03:29:01;144;171;--;--;--;06:32;00:47;1.044;967;0;0;0;--;0
running;02.11.2015 11:57;10.78;672;00:53:00;149;172;--;--;--;04:55;03:02;84;77;0;0;0;--;0
running;29.10.2015 11:41;18.92;1.235;01:46:56;145;167;--;--;--;05:39;03:25;540;537;0;0;0;--;0
running;27.10.2015 18:24;13.72;800;01:03:28;151;182;--;--;--;04:38;03:05;127;80;0;0;0;--;0
running;26.10.2015 11:49;11.88;699;01:11:11;142;180;--;--;--;05:59;02:52;123;140;0;0;0;--;0
running;23.10.2015 11:48;12.4;1.021;01:11:49;--;--;--;--;--;05:47;02:01;355;356;0;0;0;--;0
running;21.10.2015 17:52;25.63;1.542;02:40:26;142;169;--;--;--;06:16;01:46;515;463;0;0;0;--;0
running;20.10.2015 11:40;19.58;1.257;01:53:32;146;177;--;--;--;05:48;03:32;532;538;0;0;0;--;0
running;19.10.2015 11:53;13.58;831;01:13:43;149;179;--;--;--;05:26;03:01;100;100;0;0;0;--;0
running;15.10.2015 17:14;10.73;693;00:58:27;143;162;--;--;--;05:27;03:53;88;88;0;0;0;--;0
running;13.10.2015 11:34;19;1.069;01:47:33;142;170;--;--;--;05:40;03:45;425;427;0;0;0;--;0
running;12.10.2015 11:49;11.17;641;00:56:09;150;177;--;--;--;05:01;03:00;88;82;0;0;0;--;0
running;08.10.2015 18:18;20.28;1.221;02:05:33;147;170;--;--;--;06:12;02:47;541;501;0;0;0;--;0
running;07.10.2015 11:33;17.61;948;01:45:05;145;172;--;--;--;05:58;04:10;408;410;0;0;0;--;0
running;09.09.2015 15:39;6.5;465;03:29:00;--;--;--;--;--;32:11:00;04:30;128;1.052;0;0;0;--;0
running;09.09.2015 08:45;6.37;357;04:36:04;--;--;--;--;--;43:17:00;00:58;859;866;0;0;0;--;0
running;08.09.2015 16:48;5.87;371;02:22:18;--;--;--;--;--;24:16:00;05:07;1.045;100;0;0;0;--;0
running;05.09.2015 15:06;35.21;2.174;01:30:01;--;--;--;--;--;02:33;02:11;103;99;0;0;0;--;0
running;05.09.2015 14:55;0;--;00:00:42.4;--;--;--;--;--;--;30:21:00;--;--;0;0;0;--;0
running;04.09.2015 09:41;16.74;1.108;07:28:54;89;163;--;--;--;26:50:00;01:20;1.236;2.074;0;0;0;--;0
running;04.09.2015 06:57;7.55;648;01:00:13;152;175;--;--;--;07:58;01:00;602;506;0;0;0;--;0
running;03.09.2015 17:32;5.65;514;00:46:48;155;177;--;--;--;08:17;02:16;329;452;0;0;0;--;0
running;03.09.2015 09:52;7.16;977;03:18:56;99;164;--;--;--;27:47:00;02:00;1.01;84;0;0;0;--;0
running;02.09.2015 10:07;16.17;1.203;07:29:23;--;--;--;--;--;27:47:00;00:43;1.734;1.996;0;0;0;--;0
running;01.09.2015 10:33;8.54;583;03:19:25;--;--;--;--;--;23:21;01:05;544;230;0;0;0;--;0
running;01.09.2015 06:56;11.44;759;01:09:59;143;166;--;--;--;06:07;01:34;345;344;0;0;0;--;0
running;31.08.2015 11:23;18.37;1.034;09:41:59;--;--;--;--;--;31:41:00;01:18;1.086;1.421;0;0;0;--;0
running;28.08.2015 11:43;12.15;723;01:14:09;145;177;--;--;--;06:06;04:02;481;480;0;0;0;--;0
running;27.08.2015 17:50;14.89;907;01:27:52;149;172;--;--;--;05:54;01:44;310;257;0;0;0;--;0
running;22.08.2015 10:15;20.62;2.203;03:03:01;161;173;--;--;--;08:52;03:37;2.259;120;0;0;0;--;0
running;12.08.2015 11:34;12.42;797;01:24:24;139;179;--;--;--;06:48;03:41;478;493;0;0;0;--;0
running;11.08.2015 17:50;16.35;1.123;01:38:25;144;168;--;--;--;06:01;03:12;412;373;0;0;0;--;0
running;10.08.2015 11:56;10.93;618;01:03:23;133;157;--;--;--;05:48;03:49;112;111;0;0;0;--;0
running;07.08.2015 11:50;9.52;782;01:17:54;139;170;--;--;--;08:11;02:54;366;368;0;0;0;--;0
running;06.08.2015 11:49;8.92;706;00:54:34;151;182;--;--;--;06:07;03:34;394;388;0;0;0;--;0
running;06.08.2015 11:34;2.26;168;00:15:03;127;146;--;--;--;06:40;04:44;65;14;0;0;0;--;0
running;04.08.2015 18:28;8.63;593;00:41:29;154;188;--;--;--;04:49;02:26;97;48;0;0;0;--;0
running;04.08.2015 18:02;5.12;302;00:25:23;140;176;--;--;--;04:58;02:53;33;35;0;0;0;--;0
running;29.07.2015 18:15;13.79;819;01:06:40;151;178;--;--;--;04:50;02:54;120;77;0;0;0;--;0
running;28.07.2015 11:56;10.72;635;00:55:38;145;166;--;--;--;05:11;03:25;101;92;0;0;0;--;0
running;27.07.2015 11:48;8.51;512;00:52:34;145;187;--;--;--;06:11;03:37;292;290;0;0;0;--;0
running;22.07.2015 09:10;7.18;215;02:00:41;81;117;--;--;--;16:49;04:25;101;762;0;0;0;--;0
running;22.07.2015 06:40;5.52;671;00:52:51;158;174;--;--;--;09:35;04:06;529;518;0;0;0;--;0
running;21.07.2015 08:44;17.44;1.197;06:59:10;88;146;--;--;--;24:03:00;03:08;870;956;0;0;0;--;0
running;21.07.2015 05:56;6.22;767;01:03:36;149;168;--;--;--;10:13;03:58;564;560;0;0;0;--;0
running;20.07.2015 09:07;16.14;1.302;08:13:53;83;131;--;--;--;30:35:00;04:21;860;1.124;0;0;0;--;0
running;19.07.2015 13:55;9.29;899;04:01:01;94;142;--;--;--;25:58:00;07:32;880;615;0;0;0;--;0
running;15.07.2015 18:09;23.48;1.612;02:38:34;139;166;--;--;--;06:45;03:49;612;608;0;0;0;--;0
running;29.06.2015 11:49;10.19;763;00:56:06;154;176;--;--;--;05:30;03:14;297;303;0;0;0;--;0
running;28.06.2015 10:18;19.04;1.269;06:08:39;--;--;--;--;--;19:21;00:52;746;923;0;0;0;--;0
running;24.06.2015 12:11;3.23;242;00:16:02;164;185;--;--;--;04:58;02:42;41;53;0;0;0;--;0
running;24.06.2015 11:49;4.37;300;00:21:30;153;180;--;--;--;04:55;02:44;45;32;0;0;0;--;0
running;07.06.2015 11:47;20.6;1.005;02:08:19;145;171;--;--;--;06:14;04:06;117;116;0;0;0;--;0
running;11.05.2015 07:55;7.68;504;00:38:28;155;173;--;--;--;05:00;03:26;227;224;0;0;0;--;0
running;08.05.2015 12:17;3.25;217;00:15:51;159;179;--;--;--;04:53;02:45;36;55;0;0;0;--;0
running;13.04.2015 17:45;13.51;847;01:08:41;151;179;--;--;--;05:05;03:45;131;82;0;0;0;--;0
running;05.04.2015 09:32;10.51;861;00:53:31;179;191;--;--;--;05:06;02:58;592;142;0;0;0;--;0
running;19.03.2015 11:54;5.68;472;00:46:01;140;171;--;--;--;08:07;01:08;215;214;0;0;0;--;0
running;17.03.2015 06:30;10.98;809;01:04:13;155;176;--;--;--;05:51;02:56;447;460;0;0;0;--;0
running;13.03.2015 11:34;17.01;1.131;01:43:13;143;178;--;--;--;06:04;02:53;538;539;0;0;0;--;0
running;11.03.2015 11:49;10.72;602;00:52:43;142;168;--;--;--;04:55;03:28;88;87;0;0;0;--;0
running;05.03.2015 12:04;2.24;133;00:10:11;156;175;--;--;--;04:32;02:42;29;32;0;0;0;--;0
running;05.03.2015 12:04;0.03;2;00:00:13.3;123;124;--;--;--;07:32;07:49;--;--;0;0;0;--;0
running;04.03.2015 12:06;1.02;55;00:04:04.1;161;173;--;--;--;03:59;02:49;11;19;0;0;0;--;0
running;04.03.2015 11:38;5.03;235;00:26:27;146;174;--;--;--;05:16;02:33;64;40;0;0;0;--;0
running;26.02.2015 12:10;1.41;106;00:09:14.2;148;170;--;--;--;06:32;03:38;82;31;0;0;0;--;0
running;26.02.2015 11:51;2.84;178;00:17:39;133;169;--;--;--;06:12;03:28;118;12;0;0;0;--;0
running;25.02.2015 11:51;8.71;500;00:52:45;141;178;--;--;--;06:03;02:57;287;286;0;0;0;--;0
running;22.02.2015 11:15;25.21;1.961;03:16:00;141;168;--;--;--;07:46;02:43;1.259;1.259;0;0;0;--;0
running;20.02.2015 11:51;11.04;652;00:56:09;145;172;--;--;--;05:05;03:06;98;100;0;0;0;--;0
running;19.02.2015 11:52;9.96;666;01:08:51;137;179;--;--;--;06:55;02:53;355;354;0;0;0;--;0
running;15.02.2015 12:11;4.13;230;02:05:59;--;--;--;--;--;30:32:00;08:48;329;327;0;0;0;--;0
running;12.02.2015 12:10;3.13;197;00:16:14;153;177;--;--;--;05:11;02:54;33;46;0;0;0;--;0
running;12.02.2015 11:50;3.78;197;00:19:21;145;170;--;--;--;05:08;02:11;24;44;0;0;0;--;0
running;09.02.2015 11:39;10.55;743;01:18:19;136;173;--;--;--;07:25;03:12;357;359;0;0;0;--;0
running;08.02.2015 12:01;13.49;807;04:39:07;--;--;--;--;--;20:42;08:40;576;584;0;0;0;--;0
running;06.02.2015 12:27;3.25;207;00:15:52;150;176;--;--;--;04:53;02:45;25;31;0;0;0;--;0
running;06.02.2015 12:24;0.55;24;00:02:00;162;172;--;--;--;03:37;02:55;7;--;0;0;0;--;0
running;06.02.2015 12:02;4.18;158;00:20:51;153;192;--;--;--;04:59;03:04;62;49;0;0;0;--;0
running;05.02.2015 11:51;9.22;524;01:01:32;138;175;--;--;--;06:40;03:56;284;280;0;0;0;--;0
running;04.02.2015 11:56;14.9;1.06;01:23:47;159;222;--;--;--;05:37;03:25;438;439;0;0;0;--;0
running;29.01.2015 12:02;9;571;00:41:47;153;170;--;--;--;04:38;03:11;66;67;0;0;0;--;0
running;28.01.2015 12:02;12.25;808;01:04:58;152;171;--;--;--;05:18;03:38;424;417;0;0;0;--;0
running;19.01.2015 12:08;2.22;129;00:09:17.5;165;176;--;--;--;04:11;02:47;11;14;0;0;0;--;0
running;14.01.2015 12:00;11.45;736;01:00:37;158;209;--;--;--;05:18;03:11;353;354;0;0;0;--;0
running;07.01.2015 12:20;1.73;129;00:08:39.4;158;186;--;--;--;05:00;02:35;2;10;0;0;0;--;0
running;07.01.2015 12:11;1.51;107;00:07:25.9;154;186;--;--;--;04:56;02:34;13;23;0;0;0;--;0
running;07.01.2015 11:58;2.65;113;00:12:18;166;202;--;--;--;04:39;02:39;37;27;0;0;0;--;0
running;28.12.2014 10:25;14.86;873;01:21:52;145;182;--;--;--;05:31;01:51;264;265;0;0;0;--;0
running;25.12.2014 11:36;3.66;275;00:18:45;155;176;--;--;--;05:07;03:30;125;126;0;0;0;--;0
running;24.12.2014 11:14;12.59;783;01:01:08;157;191;--;--;--;04:51;03:05;89;64;0;0;0;--;0
running;12.12.2014 12:05;8.01;561;00:53:06;142;180;--;--;--;06:38;03:31;286;287;0;0;0;--;0
running;11.12.2014 11:57;8.6;570;00:42:29;157;175;--;--;--;04:56;03:23;275;272;0;0;0;--;0
running;10.12.2014 12:07;7.12;403;00:39:33;152;224;--;--;--;05:33;03:12;220;218;0;0;0;--;0
running;08.12.2014 11:51;10.84;527;00:49:42;171;230;--;--;--;04:35;03:28;97;91;0;0;0;--;0
running;28.11.2014 12:05;2.02;107;00:09:00;173;184;--;--;--;04:27;02:54;32;16;0;0;0;--;0
running;28.11.2014 11:46;3.61;148;00:17:48;159;189;--;--;--;04:56;02:50;45;29;0;0;0;--;0
running;21.09.2014 07:05;44.4;3.612;06:48:37;150;180;--;--;--;09:14;02:36;3.25;3.226;0;0;0;--;0
running;15.09.2014 19:41;12.93;847;01:17:40;146;171;--;--;--;06:00;02:10;472;472;0;0;0;--;0
running;14.09.2014 12:31;8.1;477;04:11:51;--;--;--;--;--;31:06:00;04:20;471;629;0;0;0;--;0
running;11.09.2014 07:32;8.8;557;00:54:28;138;160;--;--;--;06:11;02:58;317;328;0;0;0;--;0
running;10.09.2014 11:04;15.29;961;01:24:19;143;168;--;--;--;05:31;01:36;442;438;0;0;0;--;0
running;09.09.2014 08:27;9.1;555;00:46:59;144;163;--;--;--;05:10;03:41;317;315;0;0;0;--;0
running;08.09.2014 11:51;12.04;792;01:04:53;147;169;--;--;--;05:23;02:48;346;342;0;0;0;--;0
running;05.09.2014 11:48;10.15;593;01:11:02;125;155;--;--;--;07:00;03:51;317;315;0;0;0;--;0
running;03.09.2014 11:55;12.42;860;01:05:12;150;180;--;--;--;05:15;03:20;391;395;0;0;0;--;0
running;01.09.2014 12:43;2.18;151;00:11:55;141;158;--;--;--;05:28;04:19;31;25;0;0;0;--;0
running;01.09.2014 12:33;1.89;116;00:09:50.9;142;173;--;--;--;05:12;02:56;8;19;0;0;0;--;0
running;01.09.2014 12:22;1.83;114;00:09:52.4;141;170;--;--;--;05:23;03:02;10;15;0;0;0;--;0
running;01.09.2014 12:11;1.86;104;00:09:27.1;141;167;--;--;--;05:05;02:42;11;10;0;0;0;--;0
running;30.08.2014 15:30;14.16;1.021;01:04:53;171;187;--;--;--;04:35;03:17;225;228;0;0;0;--;0
running;27.08.2014 12:17;8.33;493;00:41:19;153;168;--;--;--;04:57;03:36;52;55;0;0;0;--;0
running;24.08.2014 09:43;29.84;2.751;05:01:12;136;177;--;--;--;10:06;02:16;2.056;2.006;0;0;0;--;0
running;19.08.2014 11:49;8.78;562;00:52:38;146;192;--;--;--;06:00;02:14;99;87;0;0;0;--;0
running;08.08.2014 08:16;12.28;412;03:46:56;80;129;--;--;--;18:45;00:12;674;1.825;0;0;0;--;0
running;07.08.2014 08:51;18.68;1.091;07:01:19;89;154;--;--;--;22:13;03:54;1.309;1.285;0;0;0;--;0
running;06.08.2014 17:06;8.33;731;01:04:57;156;173;--;--;--;07:48;03:30;435;440;0;0;0;--;0
running;06.08.2014 08:47;20.25;1.147;07:54:50;86;157;--;--;--;23:05;00:24;1.166;1.754;0;0;0;--;0
running;05.08.2014 08:41;16.43;1.086;06:44:35;88;154;--;--;--;25:00:00;00:30;1.339;1.006;0;0;0;--;0
running;04.08.2014 16:17;8.89;957;01:29:18;157;179;--;--;--;10:00;00:24;770;780;0;0;0;--;0
running;04.08.2014 08:35;18.19;1.047;07:14:59;85;162;--;--;--;24:00:00;01:36;1.002;1.212;0;0;0;--;0
running;03.08.2014 10:07;12.29;708;05:06:03;83;132;--;--;--;25:00:00;00:48;592;1.111;0;0;0;--;0
running;03.08.2014 05:45;6.76;868;01:43:10;131;165;--;--;--;15:23;02:18;923;954;0;0;0;--;0
running;02.08.2014 09:06;14.79;1.217;06:22:00;88;154;--;--;--;26:05:00;00:18;1.15;677;0;0;0;--;0
running;01.08.2014 15:22;6.72;737;01:08:10;138;174;--;--;--;10:10;03:42;529;528;0;0;0;--;0
running;01.08.2014 08:40;15.73;1.146;05:50:37;87;150;--;--;--;22:13;01:06;834;1.103;0;0;0;--;0
running;01.08.2014 06:22;5.68;702;00:54:24;152;174;--;--;--;09:31;01:24;714;487;0;0;0;--;0
running;31.07.2014 16:59;6.66;821;02:41:03;99;154;--;--;--;24:00:00;04:36;949;115;0;0;0;--;0
running;26.07.2014 11:54;10.12;567;00:45:01;162;185;--;--;--;04:27;03:00;48;50;0;0;0;--;0
running;20.07.2014 09:30;16.22;1.343;01:35:58;164;178;--;--;--;05:56;02:54;853;863;0;0;0;--;0
running;18.07.2014 12:00;8.26;598;00:44:23;157;178;--;--;--;05:22;03:34;195;273;0;0;0;--;0
running;07.07.2014 12:25;6.67;421;00:41:40;143;177;--;--;--;06:15;03:14;45;26;0;0;0;--;0
running;07.07.2014 12:14;2.19;136;00:10:18;157;174;--;--;--;04:42;03:08;4;11;0;0;0;--;0
running;07.07.2014 11:55;2.95;174;00:19:04;119;144;--;--;--;06:29;04:18;41;49;0;0;0;--;0
running;04.07.2014 11:54;10.75;598;01:07:57;130;154;--;--;--;06:19;01:36;91;87;0;0;0;--;0
running;30.06.2014 11:51;10.65;532;00:54:44;149;174;--;--;--;05:08;01:16;87;81;0;0;0;--;0
running;22.06.2014 06:02;43.34;3.749;07:47:14;145;169;--;--;--;10:43;02:36;3.271;2.978;0;0;0;--;0
running;21.06.2014 18:57;10.02;844;01:41:10;140;163;--;--;--;10:06;00:26;770;786;0;0;0;--;0
running;19.06.2014 12:13;7.88;412;00:40:37;153;174;--;--;--;05:09;01:40;123;126;0;0;0;--;0
running;08.06.2014 07:16;14.54;1.292;01:58:01;156;176;--;--;--;08:06;02:48;1.2;1.193;0;0;0;--;0
running;05.06.2014 11:46;12.45;672;01:06:30;149;168;--;--;--;05:21;03:25;340;344;0;0;0;--;0
running;01.06.2014 11:58;12.88;1.14;02:08:20;147;174;--;--;--;09:58;03:53;1.043;1.042;0;0;0;--;0
running;29.05.2014 18:46;10.38;731;01:05:12;156;180;--;--;--;06:17;02:51;391;454;0;0;0;--;0
running;29.05.2014 18:41;0.87;64;00:04:57;161;168;--;--;--;05:40;05:00;38;--;0;0;0;--;0
running;18.05.2014 06:15;56.24;4.236;07:13:40;152;177;--;--;--;07:42;03:00;2.361;2.101;0;0;0;--;0
running;09.05.2014 17:47;10.65;693;00:58:02;143;166;--;--;--;05:27;01:39;89;88;0;0;0;--;0
running;09.05.2014 17:01;0;78;01:00:43;63;116;--;--;--;--;--;--;--;0;0;0;--;0
running;08.05.2014 11:55;13.75;993;01:14:49;154;172;--;--;--;05:26;03:46;342;344;0;0;0;--;0
running;07.05.2014 12:38;2.21;144;00:09:28.1;171;181;--;--;--;04:17;02:56;27;35;0;0;0;--;0
running;07.05.2014 12:18;3.61;243;00:17:49;154;175;--;--;--;04:56;03:03;49;22;0;0;0;--;0
running;05.05.2014 06:54;13.15;883;01:05:29;156;179;--;--;--;04:59;03:53;310;311;0;0;0;--;0
running;02.05.2014 06:29;12.61;724;01:01:00;163;182;--;--;--;04:50;03:35;144;152;0;0;0;--;0
running;24.04.2014 10:04;10.27;842;00:56:50;--;--;--;--;--;05:32;03:01;402;403;0;0;0;--;0
running;20.04.2014 07:32;10.46;856;00:53:43;--;--;--;--;--;05:08;03:24;581;128;0;0;0;--;0
running;13.04.2014 10:40;24.46;2.158;03:24:17;151;178;--;--;--;08:21;00:46;1.255;1.256;0;0;0;--;0
running;09.04.2014 15:47;9.53;531;00:48:41;155;194;--;--;--;05:07;03:35;235;224;0;0;0;--;0
running;06.04.2014 08:18;33.14;2.287;03:54:41;145;175;--;--;--;07:04;03:06;1.037;1.094;0;0;0;--;0
running;29.03.2014 09:15;29.64;2.16;02:50:55;159;180;--;--;--;05:46;02:42;405;491;0;0;0;--;0
running;23.03.2014 10:43;10;563;00:48:27;154;180;--;--;--;04:51;03:36;157;152;0;0;0;--;0
running;19.03.2014 12:25;11.48;665;01:08:58;145;175;--;--;--;06:00;03:23;87;86;0;0;0;--;0
running;16.03.2014 16:11;0.02;1;00:01:48.9;--;--;--;--;--;--;16:29;--;--;0;0;0;--;0
running;16.03.2014 11:24;3.6;1.111;03:13:13;115;173;--;--;--;53:35:00;05:47;754;49;0;0;0;--;0
running;16.03.2014 07:37;7.29;424;00:50:21;131;169;--;--;--;06:54;02:15;81;71;0;0;0;--;0
running;15.03.2014 10:47;8.58;1.197;05:38:23;96;234;--;--;--;39:30:00;02:33;668;674;0;0;0;--;0
running;12.03.2014 11:38;10.8;653;01:05:18;151;202;--;--;--;06:03;03:01;360;373;0;0;0;--;0
running;09.03.2014 08:00;30.23;2.078;04:13:20;137;197;--;--;--;08:20;03:18;1.336;1.302;0;0;0;--;0
running;06.03.2014 08:05;3.27;225;00:16:14;162;174;--;--;--;04:58;03:09;45;27;0;0;0;--;0
running;06.03.2014 07:52;2.59;160;00:12:03;157;173;--;--;--;04:39;03:01;27;19;0;0;0;--;0
running;05.03.2014 11:42;13.25;947;01:08:15;164;181;--;--;--;05:09;03:09;375;380;0;0;0;--;0
running;03.03.2014 12:11;4.46;303;00:21:52;157;174;--;--;--;04:54;03:13;12;33;0;0;0;--;0
running;03.03.2014 11:51;3.95;251;00:19:10;155;175;--;--;--;04:51;02:11;29;19;0;0;0;--;0
running;26.02.2014 11:44;13.73;957;01:16:52;150;180;--;--;--;05:36;03:19;347;350;0;0;0;--;0
running;25.02.2014 07:40;4.56;297;00:23:56;150;174;--;--;--;05:15;02:46;61;62;0;0;0;--;0
running;22.02.2014 13:45;11;716;00:47:36;174;187;--;--;--;04:19;02:54;69;72;0;0;0;--;0
running;16.02.2014 09:16;31.01;1.901;03:13:28;149;174;--;--;--;06:15;01:12;977;933;0;0;0;--;0
running;15.02.2014 08:33;3.03;179;00:12:14;172;180;--;--;--;04:02;03:31;19;19;0;0;0;--;0
running;09.02.2014 10:35;28.75;2.054;03:14:44;151;175;--;--;--;06:44;03:30;943;976;0;0;0;--;0
running;06.02.2014 11:33;5.45;337;00:40:53;120;147;--;--;--;07:30;05:09;64;61;0;0;0;--;0
running;05.02.2014 11:49;9.23;644;00:52:50;148;164;--;--;--;05:44;03:20;251;292;0;0;0;--;0
running;04.02.2014 08:04;2.8;197;00:14:09;161;173;--;--;--;05:03;03:10;32;16;0;0;0;--;0
running;04.02.2014 07:49;3.08;168;00:14:27;164;187;--;--;--;04:42;03:07;15;35;0;0;0;--;0
running;02.02.2014 13:54;15;977;01:21:31;150;178;--;--;--;05:26;04:11;184;182;0;0;0;--;0
running;31.01.2014 11:36;10.43;693;01:00:17;144;170;--;--;--;05:47;03:52;298;297;0;0;0;--;0
running;30.01.2014 12:15;3.54;227;00:16:28;166;179;--;--;--;04:39;03:01;17;37;0;0;0;--;0
running;30.01.2014 11:58;3.25;178;00:14:25;174;231;--;--;--;04:26;02:42;46;28;0;0;0;--;0
running;27.01.2014 12:13;5.27;306;00:25:27;155;178;--;--;--;04:50;02:56;48;39;0;0;0;--;0
running;22.01.2014 11:38;12.23;768;01:10:02;147;167;--;--;--;05:44;03:45;314;315;0;0;0;--;0
running;19.01.2014 09:16;28.55;2.102;03:15:38;151;173;--;--;--;06:49;03:12;899;939;0;0;0;--;0
running;15.01.2014 12:14;2.76;199;00:13:01;166;181;--;--;--;04:43;02:46;16;37;0;0;0;--;0
running;15.01.2014 11:55;3.91;263;00:19:00;167;203;--;--;--;04:52;03:08;48;21;0;0;0;--;0
running;11.01.2014 15:50;5.06;369;00:23:19;166;180;--;--;--;04:37;03:24;40;46;0;0;0;--;0
running;28.12.2013 16:42;11.06;782;01:00:14;151;173;--;--;--;05:27;03:59;25;26;0;0;0;--;0
running;25.12.2013 13:26;4.99;368;00:25:57;153;164;--;--;--;05:12;03:41;11;4;0;0;0;--;0
running;24.12.2013 10:52;11.41;793;00:58:00;156;181;--;--;--;05:05;02:59;133;130;0;0;0;--;0
running;23.12.2013 10:57;9.05;615;00:42:49;163;182;--;--;--;04:44;03:34;59;61;0;0;0;--;0
running;22.12.2013 11:05;13.64;972;01:19:35;148;180;--;--;--;05:50;01:53;80;85;0;0;0;--;0
running;20.12.2013 12:21;3.57;248;00:17:20;163;183;--;--;--;04:51;02:49;21;36;0;0;0;--;0
running;20.12.2013 11:59;4.43;293;00:22:00;161;184;--;--;--;04:58;02:23;69;47;0;0;0;--;0
running;11.12.2013 12:14;8.79;591;00:44:51;151;167;--;--;--;05:06;03:17;72;67;0;0;0;--;0
running;09.12.2013 12:10;6.02;428;00:29:07;168;176;--;--;--;04:50;03:30;56;35;0;0;0;--;0
running;08.12.2013 15:24;9.75;686;00:57:45;152;180;--;--;--;05:55;03:33;273;282;0;0;0;--;0
running;06.12.2013 12:08;3.72;238;00:18:11;160;179;--;--;--;04:54;02:48;12;32;0;0;0;--;0
running;06.12.2013 11:53;2.85;132;00:14:00;163;188;--;--;--;04:54;02:58;22;9;0;0;0;--;0
running;01.12.2013 11:52;0;20;00:02:07.4;127;140;--;--;--;--;--;--;--;0;0;0;--;0
running;13.11.2013 16:47;0;--;00:00:04.4;--;--;--;--;--;--;--;--;--;0;0;0;--;0
running;12.11.2013 12:49;0;26;00:08:43.9;89;122;--;--;--;--;--;--;--;0;0;0;--;0
running;27.10.2013 15:22;10.08;735;00:50:50;162;188;--;--;--;05:02;03:22;127;117;0;0;0;--;0
running;25.10.2013 12:10;2.17;137;00:09:04.6;175;183;--;--;--;04:11;02:25;10;5;0;0;0;--;0
running;19.10.2013 12:02;11.32;798;01:06:27;150;169;--;--;--;05:52;03:37;331;329;0;0;0;--;0
street_running;06.10.2013 09:09;44.63;3.345;04:35:19;149;180;--;--;--;06:11;01:42;195;199;0;0;0;--;0
running;28.09.2013 16:57;9.91;672;00:47:14;150;174;--;--;--;04:46;02:22;96;106;0;0;0;--;0
running;27.09.2013 12:04;10.65;732;00:54:49;146;171;--;--;--;05:09;02:50;100;103;0;0;0;--;0
running;25.09.2013 11:35;10.75;724;00:59:11;143;160;--;--;--;05:30;03:58;75;65;0;0;0;--;0
running;23.09.2013 18:10;22.35;1.559;01:58:41;154;176;--;--;--;05:19;02:47;332;324;0;0;0;--;0
running;18.09.2013 12:01;10.4;677;00:49:37;152;173;--;--;--;04:46;02:51;91;70;0;0;0;--;0
running;17.09.2013 07:36;9.06;496;00:50:26;140;211;--;--;--;05:34;02:40;82;84;0;0;0;--;0
running;15.09.2013 13:51;2.6;195;00:14:13;151;162;--;--;--;05:28;02:39;28;29;0;0;0;--;0
running;15.09.2013 10:22;32.84;2.12;03:12:30;148;172;--;--;--;05:52;02:37;792;796;0;0;0;--;0
running;13.09.2013 18:16;10.56;761;00:58:06;145;164;--;--;--;05:30;03:38;98;88;0;0;0;--;0
running;13.09.2013 08:09;10.64;754;00:51:56;155;170;--;--;--;04:53;03:34;73;62;0;0;0;--;0
running;10.09.2013 18:52;10.03;630;00:54:17;143;168;--;--;--;05:25;03:37;144;145;0;0;0;--;0
running;09.09.2013 17:58;25.01;1.269;02:25:56;136;156;--;--;--;05:50;02:43;363;363;0;0;0;--;0
running;06.09.2013 11:45;10.73;714;00:57:17;146;181;--;--;--;05:20;02:41;86;86;0;0;0;--;0
running;05.09.2013 07:44;1.85;141;00:10:27;150;171;--;--;--;05:40;03:15;28;14;0;0;0;--;0
running;05.09.2013 07:24;3.8;243;00:19:33;143;166;--;--;--;05:09;03:05;25;38;0;0;0;--;0
running;04.09.2013 11:51;12.04;902;01:06:11;151;168;--;--;--;05:30;01:52;106;98;0;0;0;--;0
running;03.09.2013 18:39;7.9;566;00:43:43;146;161;--;--;--;05:32;04:24;44;52;0;0;0;--;0
running;02.09.2013 18:21;21.13;1.366;01:53:26;148;172;--;--;--;05:22;02:41;236;240;0;0;0;--;0
running;30.08.2013 18:05;10.68;590;00:26:29;--;--;--;--;--;02:29;00:55;88;37;0;0;0;--;0
running;30.08.2013 11:36;12.04;810;01:06:31;140;161;--;--;--;05:31;03:27;82;82;0;0;0;--;0
running;30.08.2013 08:09;10.54;218;00:22:22;124;146;--;--;--;02:07;01:11;50;99;0;0;0;--;0
running;29.08.2013 07:19;6.89;435;00:39:00;131;151;--;--;--;05:40;04:21;70;65;0;0;0;--;0
running;28.08.2013 11:42;11.34;721;01:01:52;138;159;--;--;--;05:27;03:10;77;72;0;0;0;--;0
running;27.08.2013 18:54;10.05;676;00:49:31;151;167;--;--;--;04:56;02:42;76;51;0;0;0;--;0
running;25.08.2013 11:35;25.14;1.428;02:10:39;145;169;--;--;--;05:12;02:31;355;358;0;0;0;--;0
running;23.08.2013 19:13;10.3;220;00:24:35;121;140;--;--;--;02:23;01:29;84;37;0;0;0;--;0
running;23.08.2013 18:02;10.69;641;01:01:31;136;154;--;--;--;05:45;03:53;71;76;0;0;0;--;0
running;22.08.2013 19:10;10;585;00:57:23;137;169;--;--;--;05:44;03:57;143;141;0;0;0;--;0
running;21.08.2013 08:04;10.72;582;01:03:02;129;149;--;--;--;05:53;04:35;72;68;0;0;0;--;0
running;20.08.2013 18:52;3.2;231;00:16:28;157;177;--;--;--;05:09;02:57;48;18;0;0;0;--;0
running;20.08.2013 18:39;2.59;157;00:12:02;150;172;--;--;--;04:38;03:04;25;43;0;0;0;--;0
running;19.08.2013 18:41;10.26;587;01:00:07;136;166;--;--;--;05:51;03:38;162;151;0;0;0;--;0
running;19.08.2013 17:43;0;--;00:00:02.8;108;109;--;--;--;--;--;--;--;0;0;0;--;0
running;18.08.2013 12:09;15.55;971;05:31:06;--;--;--;--;--;21:17;00:44;362;1.705;0;0;0;--;0
running;17.08.2013 16:31;20.07;1.614;01:57:50;158;178;--;--;--;05:52;03:56;492;495;0;0;0;--;0
running;16.08.2013 07:30;9.32;611;00:45:25;152;171;--;--;--;04:52;00:29;87;80;0;0;0;--;0
running;14.08.2013 07:31;8.58;685;00:47:44;152;176;--;--;--;05:34;01:15;249;233;0;0;0;--;0
running;08.08.2013 09:12;10.35;696;00:55:13;141;165;--;--;--;05:21;03:42;14;15;0;0;0;--;0
running;06.08.2013 19:24;5.15;330;00:20:36;166;180;--;--;--;04:00;03:12;11;9;0;0;0;--;0
running;05.08.2013 14:19;0;--;00:00:01.3;80;82;--;--;--;--;--;--;--;0;0;0;--;0
running;05.08.2013 09:06;9.57;640;00:53:56;142;168;--;--;--;05:40;03:42;12;15;0;0;0;--;0
running;04.08.2013 08:52;16.23;1.094;01:26:06;147;165;--;--;--;05:19;04:06;38;38;0;0;0;--;0
running;03.08.2013 08:25;3.34;229;00:15:42;159;179;--;--;--;04:43;03:18;2;2;0;0;0;--;0
running;03.08.2013 08:05;4.17;264;00:20:03;153;173;--;--;--;04:48;03:00;3;5;0;0;0;--;0
running;02.08.2013 08:04;10.39;643;00:58:05;141;173;--;--;--;05:36;04:30;22;19;0;0;0;--;0
running;30.07.2013 07:51;4.21;293;00:21:03;162;180;--;--;--;05:00;02:48;58;40;0;0;0;--;0
running;30.07.2013 07:28;4.49;258;00:22:50;148;174;--;--;--;05:05;01:36;36;58;0;0;0;--;0
running;28.07.2013 08:54;10.58;936;01:23:19;147;172;--;--;--;07:54;03:42;681;670;0;0;0;--;0
running;27.07.2013 11:09;11.5;964;04:20:12;95;152;--;--;--;23:05;04:00;724;1.06;0;0;0;--;0
running;25.07.2013 19:04;13.62;1.004;01:25:15;147;177;--;--;--;06:15;03:06;418;428;0;0;0;--;0
running;23.07.2013 19:25;8.89;615;00:46:21;153;175;--;--;--;05:13;02:47;174;380;0;0;0;--;0
running;23.07.2013 18:52;6.05;460;00:33:15;155;171;--;--;--;05:30;03:41;269;59;0;0;0;--;0
running;21.07.2013 09:42;7.76;529;00:49:07;138;175;--;--;--;06:20;03:31;256;249;0;0;0;--;0
running;20.07.2013 10:04;13.53;945;04:59:18;90;136;--;--;--;22:13;00:36;1.504;1.305;0;0;0;--;0
running;19.07.2013 19:48;0.39;34;00:02:26.7;155;165;--;--;--;06:15;05:17;379;--;0;0;0;--;0
running;19.07.2013 19:29;2.52;172;00:12:13;163;177;--;--;--;04:51;02:50;12;12;0;0;0;--;0
running;19.07.2013 19:18;1.4;142;00:10:03;166;176;--;--;--;07:10;00:22;8;14;0;0;0;--;0
running;17.07.2013 13:42;4.58;346;00:24:30;159;176;--;--;--;05:21;03:07;82;180;0;0;0;--;0
running;17.07.2013 13:14;4.38;359;00:26:57;152;182;--;--;--;06:09;00:41;227;119;0;0;0;--;0
running;16.07.2013 07:43;6.88;461;00:37:29;146;171;--;--;--;05:27;03:11;200;195;0;0;0;--;0
running;16.07.2013 07:20;9.6;179;00:22:38;120;142;--;--;--;02:21;01:08;38;87;0;0;0;--;0
running;10.07.2013 07:50;2.54;135;00:11:41;166;183;--;--;--;04:36;02:38;14;23;0;0;0;--;0
running;10.07.2013 07:35;3.09;150;00:14:22;161;177;--;--;--;04:39;02:59;26;13;0;0;0;--;0
running;07.07.2013 09:00;11.21;1.206;01:35:05;171;180;--;--;--;08:27;03:36;1.468;92;0;0;0;--;0
running;30.06.2013 12:11;7.74;467;00:44:12;146;166;--;--;--;05:43;03:30;--;1.225;0;0;0;--;0
running;18.06.2013 07:31;4.36;335;00:24:11;158;171;--;--;--;05:33;04:00;26;22;0;0;0;--;0
running;18.06.2013 07:10;4.24;253;00:18:57;162;175;--;--;--;04:28;03:48;9;35;0;0;0;--;0
running;29.05.2013 19:06;2.59;307;00:25:44;165;201;--;--;--;09:56;00:19;37;16;0;0;0;--;0
running;29.05.2013 18:49;2.21;144;00:10:00;165;177;--;--;--;04:32;03:11;15;7;0;0;0;--;0
running;26.05.2013 11:42;3.03;227;00:20:53;144;171;--;--;--;06:53;00:30;30;32;0;0;0;--;0
running;16.05.2013 07:40;10.26;704;00:51:20;160;176;--;--;--;05:00;03:19;90;129;0;0;0;--;0
running;15.05.2013 07:14;7.52;526;00:42:31;146;171;--;--;--;05:39;04:02;177;165;0;0;0;--;0
running;14.05.2013 11:25;10.01;679;01:04:35;137;163;--;--;--;06:27;04:12;64;76;0;0;0;--;0
running;12.05.2013 01:59;21.59;1.424;01:59:27;152;179;--;--;--;05:33;00:30;436;438;0;0;0;--;0
running;11.05.2013 01:59;9.51;737;00:51:18;155;175;--;--;--;05:24;01:00;147;143;0;0;0;--;0
running;30.04.2013 19:13;3.27;223;00:15:03;167;178;--;--;--;04:36;03:18;22;31;0;0;0;--;0
running;25.04.2013 12:26;10.77;700;00:59:45;151;175;--;--;--;05:33;00:51;225;238;0;0;0;--;0
running;25.04.2013 11:56;6.39;465;00:33:46;157;178;--;--;--;05:17;03:32;66;72;0;0;0;--;0
running;22.04.2013 12:37;8.09;585;00:48:47;153;182;--;--;--;06:02;00:38;280;275;0;0;0;--;0
running;07.04.2013 13:42;7.39;586;00:50:07;151;177;--;--;--;06:47;00:25;244;228;0;0;0;--;0
street_running;31.03.2013 09:31;10.53;848;01:00:01;169;184;--;--;--;05:42;03:39;520;68;0;0;0;--;0
running;24.03.2013 09:33;9.07;500;00:58:18;133;164;--;--;--;06:26;00:16;52;51;0;0;0;--;0
running;23.03.2013 17:02;6.17;379;00:39:23;149;185;--;--;--;06:23;00:28;261;219;0;0;0;--;0
running;23.03.2013 02:00;7.19;524;00:47:35;145;172;--;--;--;06:36;00:42;506;372;0;0;0;--;0
running;22.03.2013 08:10;6.08;447;00:36:40;153;179;--;--;--;06:02;02:44;259;198;0;0;0;--;0
running;19.03.2013 12:14;10.58;689;01:07:39;145;176;--;--;--;06:24;03:15;308;296;0;0;0;--;0
running;15.03.2013 16:42;9.69;752;01:00:08;155;180;--;--;--;06:12;00:16;371;363;0;0;0;--;0
running;15.03.2013 15:40;11.87;730;01:06:42;143;171;--;--;--;05:37;03:20;87;70;0;0;0;--;0
running;14.03.2013 11:40;10.11;608;01:10:02;135;173;--;--;--;06:56;03:36;236;228;0;0;0;--;0
running;13.03.2013 02:00;9.25;724;00:48:06;163;181;--;--;--;05:13;00:42;493;611;0;0;0;--;0
running;12.03.2013 11:49;9;621;00:57:06;144;180;--;--;--;06:21;00:26;249;277;0;0;0;--;0
running;09.03.2013 16:21;11.3;912;01:09:20;161;201;--;--;--;06:07;00:34;252;233;0;0;0;--;0
running;08.03.2013 16:13;10.8;658;02:31:19;--;--;--;--;--;14:01;00:18;266;265;0;0;0;--;0
running;07.03.2013 22:23;7.5;565;00:39:56;159;174;--;--;--;05:20;02:06;42;33;0;0;0;--;0
running;26.02.2013 12:02;3.18;215;00:15:00;164;179;--;--;--;04:43;03:19;38;40;0;0;0;--;0
running;24.02.2013 09:31;17.2;1.038;04:46:26;--;--;--;--;--;16:39;01:07;341;426;0;0;0;--;0
running;23.02.2013 14:30;11.01;812;00:50:09;176;189;--;--;--;04:33;03:19;61;61;0;0;0;--;0
running;17.02.2013 08:45;0;--;00:00:02.9;96;97;--;--;--;--;--;--;--;0;0;0;--;0
running;14.02.2013 12:33;6.68;519;00:50:50;--;--;--;--;--;07:36;00:24;197;184;0;0;0;--;0
running;14.02.2013 11:45;7.56;617;00:52:01;--;--;--;--;--;06:53;03:59;80;79;0;0;0;--;0
running;07.02.2013 12:19;8.58;604;00:46:03;154;171;--;--;--;05:22;00:17;114;112;0;0;0;--;0
running;02.02.2013 17:19;5.72;393;00:36:05;138;162;--;--;--;06:18;00:15;61;66;0;0;0;--;0
running;22.01.2013 08:12;3.65;337;00:24:01;164;182;--;--;--;06:35;00:16;49;28;0;0;0;--;0
running;22.01.2013 07:59;0.9;48;00:04:00;171;179;--;--;--;04:25;03:19;--;--;0;0;0;--;0
running;22.01.2013 07:45;2.46;150;00:12:33;152;177;--;--;--;05:07;02:41;17;38;0;0;0;--;0
running;20.01.2013 08:40;20.69;1.249;05:08:36;--;--;--;--;--;14:55;04:59;107;97;0;0;0;--;0
running;20.01.2013 08:04;0.2;9;00:01:28.7;--;--;--;--;--;07:34;01:48;--;29;0;0;0;--;0
running;19.01.2013 08:08;3.75;254;00:23:21;147;174;--;--;--;06:14;04:45;133;140;0;0;0;--;0
running;19.01.2013 08:07;0.16;4;00:00:57.5;152;163;--;--;--;06:11;04:52;--;--;0;0;0;--;0
running;12.01.2013 16:53;6.97;469;00:37:39;154;178;--;--;--;05:24;01:50;103;100;0;0;0;--;0
running;06.01.2013 20:00;0;140;00:10:11;168;178;--;--;--;--;--;--;--;0;0;0;--;0
running;06.01.2013 19:58;0;6;00:00:30.4;146;150;--;--;--;--;--;--;--;0;0;0;--;0
running;06.01.2013 19:49;0;50;00:08:18.1;162;205;--;--;--;--;--;--;--;0;0;0;--;0
running;06.01.2013 14:18;9.49;683;00:50:38;164;180;--;--;--;05:20;00:22;195;196;0;0;0;--;0
running;05.01.2013 18:02;0;--;00:01:21.6;--;--;--;--;--;--;--;--;--;0;0;0;--;0
running;27.12.2012 13:22;11.19;874;01:14:36;153;177;--;--;--;06:40;00:16;333;343;0;0;0;--;0
running;25.12.2012 11:37;3.8;303;00:21:02;172;186;--;--;--;05:32;04:12;29;9;0;0;0;--;0
running;23.12.2012 10:00;9.14;646;01:01:23;149;197;--;--;--;06:44;00:24;804;164;0;0;0;--;0
running;16.12.2012 08:01;39.67;2.059;07:20:12;--;--;--;--;--;11:06;00:22;628;623;0;0;0;--;0
running;15.12.2012 10:15;5.65;480;00:32:59;163;184;--;--;--;05:50;03:49;140;126;0;0;0;--;0
running;25.11.2012 08:48;27.54;1.733;07:12:50;--;--;--;--;--;15:43;04:24;593;594;0;0;0;--;0
running;24.11.2012 12:00;11.95;801;01:07:12;158;178;--;--;--;05:37;03:41;282;280;0;0;0;--;0
running;20.11.2012 18:49;7.02;587;00:33:49;--;--;--;--;--;04:49;03:46;34;39;0;0;0;--;0
running;11.11.2012 15:54;6.18;451;00:36:15;160;176;--;--;--;05:52;00:24;107;113;0;0;0;--;0
running;11.11.2012 14:53;0;--;00:00:01.4;--;--;--;--;--;--;--;--;--;0;0;0;--;0
running;11.11.2012 14:25;8.69;737;00:46:46;--;--;--;--;--;05:23;00:33;233;224;0;0;0;--;0
running;08.11.2012 19:33;3.11;204;00:14:02;164;184;--;--;--;04:30;03:09;37;43;0;0;0;--;0
running;08.11.2012 19:25;1.37;23;00:08:21.3;150;200;--;--;--;06:07;04:50;26;19;0;0;0;--;0
running;30.10.2012 17:39;7.59;654;00:46:52;--;--;--;--;--;06:11;00:20;243;261;0;0;0;--;0
running;28.10.2012 09:36;20.33;1.487;01:40:02;168;187;--;--;--;04:55;03:28;350;354;0;0;0;--;0
running;24.10.2012 15:53;2.98;201;00:14:48;156;177;--;--;--;04:58;03:35;43;49;0;0;0;--;0
running;24.10.2012 15:46;1.09;69;00:07:31.5;123;147;--;--;--;06:54;00:20;17;26;0;0;0;--;0
running;21.10.2012 10:10;10.08;698;00:49:37;166;186;--;--;--;04:55;03:30;62;68;0;0;0;--;0
running;15.10.2012 11:24;11.44;871;01:07:21;155;179;--;--;--;05:53;00:24;265;251;0;0;0;--;0
running;15.10.2012 10:30;7.37;501;00:41:50;154;181;--;--;--;05:41;02:59;16;22;0;0;0;--;0
running;12.10.2012 10:00;13.13;875;01:12:22;156;184;--;--;--;05:31;04:09;86;87;0;0;0;--;0
running;09.10.2012 09:20;5.7;380;00:30:44;164;186;--;--;--;05:23;03:21;16;15;0;0;0;--;0
running;09.10.2012 09:15;0.04;2;00:00:24.4;101;110;--;--;--;09:25;08:49;--;--;0;0;0;--;0
running;01.10.2012 13:41;0;--;00:00:06.1;--;--;--;--;--;--;--;--;--;0;0;0;--;0
running;07.04.2007 10:13;5.87;810;00:56:56;160;178;--;--;--;09:42;01:00;172;157;0;0;0;--;0
running;06.04.2007 05:32;0;121;00:09:00.8;159;175;--;--;--;--;--;--;--;0;0;0;--;0
running;06.04.2007 05:20;0;138;00:10:00;159;170;--;--;--;--;--;--;--;0;0;0;--;0
running;06.04.2007 05:18;0;27;00:02:00;153;161;--;--;--;--;--;--;--;0;0;0;--;0
running;01.04.2007 15:05;0;3;00:04:58.8;41;58;--;--;--;--;--;--;--;0;0;0;--;0
running;01.04.2007 07:48;0;12;00:11:09;48;72;--;--;--;--;--;--;--;0;0;0;--;0
running;01.04.2007 02:31;0.71;252;00:18:26;161;177;--;--;--;26:07:00;00:25;33;--;0;0;0;--;0
running;01.04.2007 02:25;1.24;127;00:09:00;168;180;--;--;--;07:17;00:16;19;8;0;0;0;--;0
running;01.04.2007 02:13;12.57;859;01:12:05;152;176;--;--;--;05:44;00:31;470;468;0;0;0;--;0
running;01.04.2007 02:12;10.6;826;00:56:39;162;175;--;--;--;05:21;00:19;281;265;0;0;0;--;0
running;01.04.2007 02:09;7.8;619;00:48:41;144;162;--;--;--;06:15;00:42;83;73;0;0;0;--;0
running;01.04.2007 02:08;7.52;1.134;01:15:42;165;177;--;--;--;10:04;00:19;1.206;--;0;0;0;--;0
running;01.04.2007 02:04;14.68;1.118;01:17:39;162;178;--;--;--;05:17;00:24;396;404;0;0;0;--;0
running;01.04.2007 02:03;0.57;346;00:27:03;146;162;--;--;--;47:37:00;00:17;--;5;0;0;0;--;0
running;01.04.2007 02:02;4.06;339;00:28:53;134;149;--;--;--;07:06;00:33;7;45;0;0;0;--;0
running;01.04.2007 02:02;13.02;885;01:13:24;155;185;--;--;--;05:38;00:18;130;125;0;0;0;--;0
running;01.04.2007 02:01;14.67;1.015;01:15:59;146;172;--;--;--;05:11;00:17;153;158;0;0;0;--;0
running;01.04.2007 02:00;8.55;692;00:54:21;153;176;--;--;--;06:22;09:04;137;108;0;0;0;--;0
running;01.04.2007 02:00;0.8;53;00:07:11.6;111;140;--;--;--;08:56;05:14;--;7;0;0;0;--;0
running;01.04.2007 02:00;7.82;655;00:55:43;--;--;--;--;--;07:08;00:21;140;144;0;0;0;--;0
running;01.04.2007 01:25;0;108;00:10:52;133;148;--;--;--;--;--;--;--;0;0;0;--;0
running;01.04.2007 00:33;0;133;00:09:01.2;168;176;--;--;--;--;--;--;--;0;0;0;--;0
running;01.04.2007 00:16;0;208;00:15:17;155;179;--;--;--;--;--;--;--;0;0;0;--;0
running;01.04.2007 00:16;0;101;00:08:07.4;142;165;--;--;--;--;--;--;--;0;0;0;--;0
running;01.04.2007 00:14;0;--;00:00:01.9;--;--;--;--;--;--;--;--;--;0;0;0;--;0
running;01.04.2007 00:07;6.63;356;00:37:48;163;233;--;--;--;05:42;00:25;217;216;0;0;0;--;0
running;01.04.2007 00:07;0;28;00:35:13;44;65;--;--;--;--;--;--;--;0;0;0;--;0
running;01.04.2007 00:05;0;328;00:24:32;156;173;--;--;--;--;--;--;--;0;0;0;--;0
running;01.04.2007 00:05;0;317;00:25:19;151;175;--;--;--;--;--;--;--;0;0;0;--;0
running;01.04.2007 00:03;0;268;05:55:15;50;96;--;--;--;--;--;--;--;0;0;0;--;0
running;01.04.2007 00:03;0;588;00:49:02;140;161;--;--;--;--;--;--;--;0;0;0;--;0
